question,metric,value
1,composite_projection_nrmse_improvement_percent,8.187854760176062
2,locations_improved_by_projection,8.0
3,composites_improved_by_projection,4.0
3,holdout_raw_cod_nrmse,0.04740980640450738
3,holdout_raw_cod_nmae,0.03216792264421418
3,holdout_raw_cod_mean_location_r2,0.9410342411045993
3,holdout_raw_tn_nrmse,0.03724236109724977
3,holdout_raw_tn_nmae,0.025418830307088653
3,holdout_raw_tn_mean_location_r2,0.9564734574197102
3,holdout_raw_tp_nrmse,0.04169768524047808
3,holdout_raw_tp_nmae,0.025548059222103216
3,holdout_raw_tp_mean_location_r2,0.9167068420999226
3,holdout_raw_tss_nrmse,0.05852305649405854
3,holdout_raw_tss_nmae,0.03863041581568091
3,holdout_raw_tss_mean_location_r2,0.8867665212991629
3,holdout_projected_cod_nrmse,0.045858244032027685
3,holdout_projected_cod_nmae,0.031185115560848423
3,holdout_projected_cod_mean_location_r2,0.9442655709431695
3,holdout_projected_tn_nrmse,0.0345407706109452
3,holdout_projected_tn_nmae,0.022620503464137125
3,holdout_projected_tn_mean_location_r2,0.9625872008405223
3,holdout_projected_tp_nrmse,0.03349299917214584
3,holdout_projected_tp_nmae,0.015863198653489344
3,holdout_projected_tp_mean_location_r2,0.9451624161169243
3,holdout_projected_tss_nrmse,0.05476038790147208
3,holdout_projected_tss_nmae,0.03303700456824089
3,holdout_projected_tss_mean_location_r2,0.8985114799348389
4,location_composite_cells_improved,30.0
18,holdout_all_locations_cod_mean_r2,0.9442655709431695
18,holdout_all_locations_cod_nrmse,0.045858244032027685
18,holdout_all_locations_cod_nmae,0.031185115560848423
18,holdout_all_locations_tn_mean_r2,0.9625872008405223
18,holdout_all_locations_tn_nrmse,0.0345407706109452
18,holdout_all_locations_tn_nmae,0.022620503464137125
18,holdout_all_locations_tp_mean_r2,0.9451624161169243
18,holdout_all_locations_tp_nrmse,0.03349299917214584
18,holdout_all_locations_tp_nmae,0.015863198653489344
18,holdout_all_locations_tss_mean_r2,0.8985114799348389
18,holdout_all_locations_tss_nrmse,0.05476038790147208
18,holdout_all_locations_tss_nmae,0.03303700456824089
5,median_absolute_percent_error,12.747942771575303
5,mean_absolute_percent_error,18.428108934850325
5,mean_component_r2,-4.312137201363621
6,median_absolute_percent_error,9.306077824645988e-09
6,mean_absolute_percent_error,1.5590528278016935e-08
6,mean_component_r2,1.0
5R,median_absolute_removal_error_percentage_points,3.2633443833067375
5R,mean_absolute_removal_error_percentage_points,5.225194537368196
5R,mean_component_r2,-0.07797858069352892
6R,median_absolute_removal_error_percentage_points,7.450537964359683e-10
6R,mean_absolute_removal_error_percentage_points,2.615001144916236e-09
6R,mean_component_r2,1.0
9,median_absolute_route_difference_percent,21.436445849814703
7,eligible_influent_scenarios,10.0
7,extended_icsor_lower_scenario_count,0.0
7,smooth_nlp_lower_scenario_count,10.0
8,eligible_influent_scenarios,10.0
8,extended_icsor_lower_scenario_count,1.0
8,smooth_nlp_lower_scenario_count,9.0
12,extended_icsor_mean_seconds,1.7256385899999258
12,smooth_nlp_mean_seconds,5.236105169999973
12,extended_icsor_faster_influent_scenario_count,10.0
13,surrogate_nominal_exact_objective,0.8647265851481425
13,direct_nominal_exact_objective,0.7861974317939858
