model,composite,projected,raw
AdaBoost,COD,45.57892238420844,31.483452257423856
AdaBoost,TN,4.010352539409733,6.43824168934147
AdaBoost,TP,0.0007483783231582,2.7475406278227616
AdaBoost,TSS,38.424621423413484,22.518278931377324
CatBoost,COD,11.15831402139648,5.503639917039795
CatBoost,TN,1.998234129602372,2.3551941439652335
CatBoost,TP,0.00034986287130818,0.7630505013403722
CatBoost,TSS,9.195302561098615,5.291287118606642
Extra Trees,COD,51.63262572900196,44.07345770752472
Extra Trees,TN,3.1983919461709744,6.195830904908769
Extra Trees,TP,0.0006767564262151799,5.379912412280297
Extra Trees,TSS,41.44697777909371,34.38983810146269
LightGBM,COD,14.958269920101534,7.473463749211159
LightGBM,TN,2.1927214864258184,2.6846347172176928
LightGBM,TP,0.00035377352171178,0.9756426782563757
LightGBM,TSS,11.9822619960619,6.692132502609378
MLP,COD,8.489969976051555,5.348068509251942
MLP,TN,0.7616465719061999,1.1652597620147123
MLP,TP,0.00020651726428648002,0.5065834420187979
MLP,TSS,7.321086487217542,4.759232615766984
Multi-task Elastic Net,COD,26.437994902273818,16.074691855052247
Multi-task Elastic Net,TN,4.098406110586874,4.241294883969732
Multi-task Elastic Net,TP,0.00066807180433102,0.027987473447995997
Multi-task Elastic Net,TSS,18.595160824267843,12.482682105869777
Multi-task Lasso,COD,26.44024640142544,16.074301945030548
Multi-task Lasso,TN,4.098370377983757,4.2413508295682245
Multi-task Lasso,TP,0.0006680714469401,0.028957150992237456
Multi-task Lasso,TSS,18.598648961998826,12.48266197829903
PLS,COD,58.10456653643259,44.82494874144713
PLS,TN,4.506174913577533,10.180035703417847
PLS,TP,0.00072602657506824,5.002591579004599
PLS,TSS,45.91296171910808,45.59723190715941
Random Forest,COD,69.23729732445679,33.04353111813972
Random Forest,TN,4.705148683785649,10.88802075107439
Random Forest,TP,0.0009260416995808599,6.657795918232051
Random Forest,TSS,56.894808831605914,25.338958486538505
SVR,COD,17.003492470802264,9.160567459670613
SVR,TN,3.0632042282830976,3.6076562252844626
SVR,TP,0.00038470846155814,0.5321158557272084
SVR,TSS,12.383172382558296,7.48087123748698
TabNet,COD,22.619259019403493,14.968391800561829
TabNet,TN,1.7082553570139214,3.2694043521897442
TabNet,TP,0.00033749699010176003,1.4639469861168934
TabNet,TSS,18.380175926421025,11.672502659245456
XGBoost,COD,15.191647182017359,8.328037818574817
XGBoost,TN,2.1923704177777257,2.745326033964237
XGBoost,TP,0.00037560610823866,1.0434102143383397
XGBoost,TSS,12.305409289104889,6.909488855909627
k-NN,COD,52.04092375971921,38.708408026903804
k-NN,TN,4.032585973325603,6.60343340164242
k-NN,TP,0.0006322682367424801,3.2833915832745246
k-NN,TSS,39.64134061071057,27.42251117201705
