model,S_O,S_F,S_A,S_NH4,S_NO2,S_NO3,S_N2,S_PO4,S_I,S_ALK,X_I,X_S,X_H,X_PAO,X_PP,X_PHA,X_AOB,X_NOB,X_MeP,X_MeOH
XGBoost,-3.6184686140333655e-05,-3.2638264795825656e-05,-0.000319273331545189,0.008453820523774233,-0.01452327848912538,-0.0049390057756487915,-0.015965114155128024,-0.03937363549616471,-0.014198450076566145,-0.008776444415663621,0.015524560519786304,2.881722638292672e-13,0.14240041562543124,0.004207073598647679,0.01199806512948326,-0.0007068511321716153,-0.0006130903573097896,-0.00032293194557042604,-0.021620739229741004,-0.00529334560387501
LightGBM,-0.0001244463055862094,-0.0001743628668979813,-0.00035589388628104457,0.012967742849138306,-0.012978336745119834,-0.004657037059998009,-0.022997562788321657,-0.03385416887263823,-0.004156384390986639,-0.00539773404851878,0.0188065004018824,1.571381913478831e-13,0.1463474145682897,0.002714569040032644,0.009286630979964516,-0.0011301023149477563,-0.0007851190876290715,-0.00048175085224641534,-0.018518423872242007,-0.004553610371074157
CatBoost,-0.00022699581082509523,-4.932899339227248e-06,-0.0022550485770898854,0.0068385059296933726,-0.01397741002113706,-0.006162680442233226,-0.011882454631890138,-0.021611621419629884,-0.007233770806780915,-0.00675983104342606,0.01514304041684872,-1.3183898417423734e-14,0.10737034858024701,0.0027130508218021765,-0.004446032032471292,-0.002449920211199108,-0.0003363919596847398,-0.0002200823832851917,-0.009972603276089259,-0.007197786696030828
AdaBoost,0.0011111231453104775,0.38402612108151246,0.0038331635852045798,0.0480636222866726,-0.014086170082039606,0.016438060591291437,-0.022206639303589903,-0.07991313604137562,-0.08239143376741315,-0.05936921972136019,0.0292848250570652,0.01368645906210958,0.44513480699700503,0.01848549557079948,0.014990586007228357,0.0005211306059519361,-0.0019979495124419766,-0.0027652597113903,-0.13364407848386606,-0.014015857743683857
Random Forest,0.0015073219043546526,1.1068198652150585,0.016145891114419997,-0.1962079253670539,-0.024580754891633694,-0.03822621223615119,-0.05032488957947734,-0.28774400937272826,-0.4512642599186783,-0.17829939296079017,0.018990588174596257,0.06709681777979232,0.9088559135374065,0.00225568173687829,-0.05647474564558963,0.0006698999394655347,-0.008627272397859875,-0.005022492321725913,-0.44856585430601026,-0.08799583114723097
Extra Trees,0.003670793085331747,0.916635450826653,0.014222569094916482,-0.1267382566643646,-0.013596912713972453,-0.010312350552700023,-0.01718637468984774,-0.2452044960118792,-0.48505424234415606,-0.48765126105742046,0.00608356410658395,0.04740715908081705,0.22013184413363907,0.010333826779515831,-0.08125323503064241,0.0009960418227324963,-0.0005139853146256534,-0.00010025028862892249,-0.4455003926801915,-0.10205706545623405
SVR,-0.004448916481114923,0.002439072727129732,-0.01826082219102354,-0.009770062496546078,-0.033663181642723194,-0.024774718445183697,-0.03535487507791968,-0.019671146203823764,-0.07316578752703515,-0.06642627884454311,0.00957557190687934,-0.0003729789502315284,0.11144702302971174,0.003791538648333481,-0.014045505307669126,-0.009577024992841354,-0.0007534660270491766,-0.0003157062008926348,-0.017037678464299738,-0.011539865640678937
k-NN,0.0009407157889682605,0.34885775605286473,0.003435370320655773,-0.0755627260698098,-0.012246676561200709,-0.036365863218388195,-0.020192386183506383,-0.09222999882803345,-0.47145861761820623,-0.4531741139187901,0.007545388610699144,0.00835848917176607,0.346158838201557,0.005212285403859762,-0.021181243216671697,0.00013913797289877294,-0.0024532335053812915,-0.0007113070683972822,-0.18807690005990013,-0.05612161883636668
PLS,-0.042590707153970286,0.8530277599968051,-0.020655016162029027,-0.13967054995695172,-0.015577140900949416,-0.1406182347839287,-0.021889413246614753,-0.13598336000492495,-0.25991123408074035,-0.43493028378052506,-0.005240028155364396,0.005323233346533396,0.12804422889549782,-0.005678070772826449,-0.14984622639519785,-0.008037779633519038,0.0027202642514899678,-0.006556157257717743,-0.4851652491666039,-0.16842448800052312
Multi-task Elastic Net,-0.058665022965253055,-0.0032241602479844422,-0.03962040514137399,-0.050147266531801626,-0.00994985319787478,-0.06582087541824144,-0.024156577785443556,-0.020551889374583132,-0.0030508815331943546,-0.0024144906147128796,0.015490506143818722,-0.047223591909931084,0.05086750374550186,-0.002437515376413457,-0.006459696975018359,-0.020873291049028353,-0.0028257453071347527,-0.0017888605357065657,-0.026396586446139847,-0.04409914717357866
Multi-task Lasso,-0.05866063320566467,-0.0032211907377525106,-0.0396038436756857,-0.05014192315462679,-0.009945040332364541,-0.06583054608144312,-0.02416144721724023,-0.020546646952165293,-0.003109748211501491,-0.00241066763996574,0.015515916161417082,-0.04720997693030515,0.050963977269962046,-0.0024283881488961767,-0.006455933210242404,-0.020852535266939864,-0.0028233237411374734,-0.0017883245532971659,-0.026393302487888293,-0.04410500841243681
MLP,-0.00035577076230287885,-0.0005552214424974222,-0.0032711897886179286,-0.008900787910753716,-0.007403328211602861,-0.00704636821502988,-0.0006933267116335795,-0.012726195885953445,-0.058992337213640576,-0.061008915212325654,0.0033752185771983648,-6.06828149307681e-06,0.06490609235623153,0.0020094612365870873,-0.009121256839720399,-0.0025849620367228154,-3.0428047656377855e-06,-0.00010154449396744536,-0.016029798315398816,-0.0065119040453112675
TabNet,0.0017581923254559317,0.07838521713519309,0.002470501054687657,-0.02242213181601449,-0.013416967660096202,-0.04252073301230802,-0.01120087088988142,-0.04250029665526184,-0.19594339856130044,-0.1506711704341744,0.006801623876939694,0.0043064473635526235,0.19002375464077026,-0.0007811627242816921,-0.014163113894342827,-0.005866334092303138,-0.0009243178067016578,-0.0006396942722897148,-0.0767093675737461,-0.01607235728965417
