case,route,constraint_group,constraint,residual,active,active_count,violated,scenario_label,route_label
nominal,surrogate,projection_qp,all_inequalities,,False,0.0,,N,Extended ICSOR
nominal,surrogate,engineering,external_solids_loss_guard,-386.76107308642787,False,0.0,False,N,Extended ICSOR
nominal,surrogate,engineering,underflow_tss_upper,-0.49226116653165886,False,0.0,False,N,Extended ICSOR
nominal,surrogate,engineering,feed_tss_lower,-1832.4253588741649,False,0.0,False,N,Extended ICSOR
nominal,surrogate,trust,correction,-0.16479575801022645,False,0.0,False,N,Extended ICSOR
nominal,surrogate,trust,regularized_leverage,-0.7507164029444692,False,0.0,False,N,Extended ICSOR
nominal,surrogate,trust,particulate_split,-0.9750667016999219,False,0.0,False,N,Extended ICSOR
nominal,surrogate,trust,reactor_residual,-0.15286822967149738,False,0.0,False,N,Extended ICSOR
nominal,mechanistic,mechanistic_nlp,all_inequalities,,True,6.0,,N,Smooth NLP
robustness_01,surrogate,projection_qp,all_inequalities,,False,0.0,,S1,Extended ICSOR
robustness_01,surrogate,engineering,external_solids_loss_guard,-398.2527083820118,False,0.0,False,S1,Extended ICSOR
robustness_01,surrogate,engineering,underflow_tss_upper,-0.4774129106077737,False,0.0,False,S1,Extended ICSOR
robustness_01,surrogate,engineering,feed_tss_lower,-1886.1634348821015,False,0.0,False,S1,Extended ICSOR
robustness_01,surrogate,trust,correction,6.063191399705156e-08,True,1.0,False,S1,Extended ICSOR
robustness_01,surrogate,trust,regularized_leverage,-0.37275742425716424,False,0.0,False,S1,Extended ICSOR
robustness_01,surrogate,trust,particulate_split,-0.8626492605980465,False,0.0,False,S1,Extended ICSOR
robustness_01,surrogate,trust,reactor_residual,-0.534884539489273,False,0.0,False,S1,Extended ICSOR
robustness_01,mechanistic,mechanistic_nlp,all_inequalities,,,,,S1,Smooth NLP
robustness_02,surrogate,projection_qp,all_inequalities,,True,1.0,,S2,Extended ICSOR
robustness_02,surrogate,engineering,external_solids_loss_guard,-351.8188247983468,False,0.0,False,S2,Extended ICSOR
robustness_02,surrogate,engineering,underflow_tss_upper,-0.5390082437393108,False,0.0,False,S2,Extended ICSOR
robustness_02,surrogate,engineering,feed_tss_lower,-1664.2303286206227,False,0.0,False,S2,Extended ICSOR
robustness_02,surrogate,trust,correction,1.5552428561366923e-08,True,1.0,False,S2,Extended ICSOR
robustness_02,surrogate,trust,regularized_leverage,-0.05259210231078892,False,0.0,False,S2,Extended ICSOR
robustness_02,surrogate,trust,particulate_split,-0.9853875522692712,False,0.0,False,S2,Extended ICSOR
robustness_02,surrogate,trust,reactor_residual,-0.5252769201632503,False,0.0,False,S2,Extended ICSOR
robustness_02,mechanistic,mechanistic_nlp,all_inequalities,,True,6.0,,S2,Smooth NLP
robustness_03,surrogate,projection_qp,all_inequalities,,True,3.0,,S3,Extended ICSOR
robustness_03,surrogate,engineering,external_solids_loss_guard,-402.6858387552859,False,0.0,False,S3,Extended ICSOR
robustness_03,surrogate,engineering,underflow_tss_upper,-0.4603616549803357,False,0.0,False,S3,Extended ICSOR
robustness_03,surrogate,engineering,feed_tss_lower,-1940.8637060632789,False,0.0,False,S3,Extended ICSOR
robustness_03,surrogate,trust,correction,3.108790038875253e-07,True,1.0,False,S3,Extended ICSOR
robustness_03,surrogate,trust,regularized_leverage,-0.21483523016177958,False,0.0,False,S3,Extended ICSOR
robustness_03,surrogate,trust,particulate_split,-0.9832120931956603,False,0.0,False,S3,Extended ICSOR
robustness_03,surrogate,trust,reactor_residual,5.192525386666995e-07,True,1.0,False,S3,Extended ICSOR
robustness_03,mechanistic,mechanistic_nlp,all_inequalities,,True,7.0,,S3,Smooth NLP
robustness_04,surrogate,projection_qp,all_inequalities,,True,3.0,,S4,Extended ICSOR
robustness_04,surrogate,engineering,external_solids_loss_guard,-259.86434263188124,False,0.0,False,S4,Extended ICSOR
robustness_04,surrogate,engineering,underflow_tss_upper,-0.5938065353990103,False,0.0,False,S4,Extended ICSOR
robustness_04,surrogate,engineering,feed_tss_lower,-1426.2718679083841,False,0.0,False,S4,Extended ICSOR
robustness_04,surrogate,trust,correction,9.882108189711823e-07,True,1.0,False,S4,Extended ICSOR
robustness_04,surrogate,trust,regularized_leverage,-0.16393780973163233,False,0.0,False,S4,Extended ICSOR
robustness_04,surrogate,trust,particulate_split,-0.9211246269279912,False,0.0,False,S4,Extended ICSOR
robustness_04,surrogate,trust,reactor_residual,1.9427828542869048e-07,True,1.0,False,S4,Extended ICSOR
robustness_04,mechanistic,mechanistic_nlp,all_inequalities,,True,6.0,,S4,Smooth NLP
robustness_05,surrogate,projection_qp,all_inequalities,,True,4.0,,S5,Extended ICSOR
robustness_05,surrogate,engineering,external_solids_loss_guard,-263.88446037162197,False,0.0,False,S5,Extended ICSOR
robustness_05,surrogate,engineering,underflow_tss_upper,-0.6240803202019727,False,0.0,False,S5,Extended ICSOR
robustness_05,surrogate,engineering,feed_tss_lower,-1338.6666076915676,False,0.0,False,S5,Extended ICSOR
robustness_05,surrogate,trust,correction,8.656216236825776e-09,True,1.0,False,S5,Extended ICSOR
robustness_05,surrogate,trust,regularized_leverage,-0.444072531785885,False,0.0,False,S5,Extended ICSOR
robustness_05,surrogate,trust,particulate_split,-0.9823100495631855,False,0.0,False,S5,Extended ICSOR
robustness_05,surrogate,trust,reactor_residual,-0.6694517756857724,False,0.0,False,S5,Extended ICSOR
robustness_05,mechanistic,mechanistic_nlp,all_inequalities,,True,5.0,,S5,Smooth NLP
robustness_06,surrogate,projection_qp,all_inequalities,,False,0.0,,S6,Extended ICSOR
robustness_06,surrogate,engineering,external_solids_loss_guard,-447.4940502109498,False,0.0,False,S6,Extended ICSOR
robustness_06,surrogate,engineering,underflow_tss_upper,-0.41201884347125206,False,0.0,False,S6,Extended ICSOR
robustness_06,surrogate,engineering,feed_tss_lower,-2121.738709755006,False,0.0,False,S6,Extended ICSOR
robustness_06,surrogate,trust,correction,6.693904203154017e-09,True,1.0,False,S6,Extended ICSOR
robustness_06,surrogate,trust,regularized_leverage,-0.07825921945561655,False,0.0,False,S6,Extended ICSOR
robustness_06,surrogate,trust,particulate_split,-0.9857078127826002,False,0.0,False,S6,Extended ICSOR
robustness_06,surrogate,trust,reactor_residual,-0.7713085143949088,False,0.0,False,S6,Extended ICSOR
robustness_06,mechanistic,mechanistic_nlp,all_inequalities,,True,6.0,,S6,Smooth NLP
robustness_07,surrogate,projection_qp,all_inequalities,,True,10.0,,S7,Extended ICSOR
robustness_07,surrogate,engineering,external_solids_loss_guard,-332.71106903670125,False,0.0,False,S7,Extended ICSOR
robustness_07,surrogate,engineering,underflow_tss_upper,-0.5633154202083424,False,0.0,False,S7,Extended ICSOR
robustness_07,surrogate,engineering,feed_tss_lower,-1576.0225946043527,False,0.0,False,S7,Extended ICSOR
robustness_07,surrogate,trust,correction,4.6540611211507466e-10,True,1.0,False,S7,Extended ICSOR
robustness_07,surrogate,trust,regularized_leverage,-0.15195380369671146,False,0.0,False,S7,Extended ICSOR
robustness_07,surrogate,trust,particulate_split,-0.9928466941004988,False,0.0,False,S7,Extended ICSOR
robustness_07,surrogate,trust,reactor_residual,-0.18357347087468365,False,0.0,False,S7,Extended ICSOR
robustness_07,mechanistic,mechanistic_nlp,all_inequalities,,True,6.0,,S7,Smooth NLP
robustness_08,surrogate,projection_qp,all_inequalities,,True,3.0,,S8,Extended ICSOR
robustness_08,surrogate,engineering,external_solids_loss_guard,-325.27353918656144,False,0.0,False,S8,Extended ICSOR
robustness_08,surrogate,engineering,underflow_tss_upper,-0.5736145212268239,False,0.0,False,S8,Extended ICSOR
robustness_08,surrogate,engineering,feed_tss_lower,-1539.1752676687802,False,0.0,False,S8,Extended ICSOR
robustness_08,surrogate,trust,correction,-2.9508235775007736e-06,False,0.0,False,S8,Extended ICSOR
robustness_08,surrogate,trust,regularized_leverage,-0.3838296302312667,False,0.0,False,S8,Extended ICSOR
robustness_08,surrogate,trust,particulate_split,-0.9716112675043496,False,0.0,False,S8,Extended ICSOR
robustness_08,surrogate,trust,reactor_residual,-0.7605788081737709,False,0.0,False,S8,Extended ICSOR
robustness_08,mechanistic,mechanistic_nlp,all_inequalities,,True,6.0,,S8,Smooth NLP
robustness_09,surrogate,projection_qp,all_inequalities,,True,19.0,,S9,Extended ICSOR
robustness_09,surrogate,engineering,external_solids_loss_guard,-370.42440215534634,False,0.0,False,S9,Extended ICSOR
robustness_09,surrogate,engineering,underflow_tss_upper,-0.5134101408621731,False,0.0,False,S9,Extended ICSOR
robustness_09,surrogate,engineering,feed_tss_lower,-1755.909099137828,False,0.0,False,S9,Extended ICSOR
robustness_09,surrogate,trust,correction,1.7575588221565544e-08,True,1.0,False,S9,Extended ICSOR
robustness_09,surrogate,trust,regularized_leverage,-0.4213190946303653,False,0.0,False,S9,Extended ICSOR
robustness_09,surrogate,trust,particulate_split,-0.9667751803322344,False,0.0,False,S9,Extended ICSOR
robustness_09,surrogate,trust,reactor_residual,-1.1768930075117772e-12,True,1.0,False,S9,Extended ICSOR
robustness_09,mechanistic,mechanistic_nlp,all_inequalities,,True,5.0,,S9,Smooth NLP
robustness_10,surrogate,projection_qp,all_inequalities,,True,5.0,,S10,Extended ICSOR
robustness_10,surrogate,engineering,external_solids_loss_guard,-458.50479326146336,False,0.0,False,S10,Extended ICSOR
robustness_10,surrogate,engineering,underflow_tss_upper,-0.39752985410897673,False,0.0,False,S10,Extended ICSOR
robustness_10,surrogate,engineering,feed_tss_lower,-2174.0142722822206,False,0.0,False,S10,Extended ICSOR
robustness_10,surrogate,trust,correction,-0.10982836257444491,False,0.0,False,S10,Extended ICSOR
robustness_10,surrogate,trust,regularized_leverage,-0.11957988138806817,False,0.0,False,S10,Extended ICSOR
robustness_10,surrogate,trust,particulate_split,-0.9815842129899536,False,0.0,False,S10,Extended ICSOR
robustness_10,surrogate,trust,reactor_residual,-0.5977587694058851,False,0.0,False,S10,Extended ICSOR
robustness_10,mechanistic,mechanistic_nlp,all_inequalities,,True,7.0,,S10,Smooth NLP
