case,surrogate_outcome,mechanistic_outcome,selected_n,surrogate_replay_outcome,mechanistic_replay_outcome,surrogate_disposition,mechanistic_disposition
nominal,selected_stationary,selected_stationarity_unresolved,2,accepted,accepted,validated result,upper-stationarity failure
robustness_01,selected_stationarity_unresolved,no_validated_feasible_start,1,accepted,not_applicable,validated result,no accepted optimization start
robustness_02,selected_stationarity_unresolved,selected_stationarity_unresolved,2,accepted,accepted,validated result,upper-stationarity failure
robustness_03,selected_stationarity_unresolved,selected_stationarity_unresolved,2,accepted,accepted,validated result,upper-stationarity failure
robustness_04,selected_stationarity_unresolved,selected_stationarity_unresolved,2,accepted,accepted,upper-stationarity failure,upper-stationarity failure
robustness_05,selected_stationarity_unresolved,selected_stationarity_unresolved,2,accepted,accepted,validated result,upper-stationarity failure
robustness_06,selected_stationary,selected_stationarity_unresolved,2,accepted,accepted,validated result,upper-stationarity failure
robustness_07,selected_stationarity_unresolved,selected_stationarity_unresolved,2,accepted,accepted,validated result,upper-stationarity failure
robustness_08,selected_stationarity_unresolved,selected_stationarity_unresolved,2,accepted,accepted,validated result,upper-stationarity failure
robustness_09,selected_stationarity_unresolved,selected_stationarity_unresolved,2,accepted,accepted,validated result,upper-stationarity failure
robustness_10,selected_stationarity_unresolved,selected_stationarity_unresolved,2,accepted,accepted,validated result,upper-stationarity failure
