case,decision_route,response_method,available,solids_inventory,clarifier_solids_inventory,external_solids_loss,srt_d,sor_m_d,slr_kg_m2_d,underflow_tss_g_m3,feed_tss_g_m3,effluent_cod,effluent_tn,effluent_tp,effluent_tss,scenario_label,decision_route_label,response_label
nominal,surrogate,projected,True,12308350.086501848,7926111.9229898155,387.76107308642787,3.1742098268225205,6.333333333333333,15.278544657284707,7616.082502025117,1833.4253588741649,165.51088622033274,23.442513363029384,16.138279777930585,7.3231031422863495,N,Extended ICSOR,Projected
nominal,mechanistic,smooth,True,13719272.214893237,3545432.5692000464,270.9279254041599,5.063808831971585,6.333333333360245,10.660351174801898,5312.49900278101,1279.242140952943,57.60124846928052,20.554016676425718,16.383397729976554,5.582079248981164,N,Smooth NLP,Smooth NLP
robustness_01,surrogate,projected,True,25877112.40107257,9661624.9580174,399.25270838201175,6.481386815368303,6.333396773432143,15.726361957350845,7838.806340883394,1887.1634348821015,82.68637018209576,14.788852554603293,17.514434192140925,7.775696359497454,S1,Extended ICSOR,Projected
robustness_01,mechanistic,smooth,False,,,,,,,,,,,,,S1,Smooth NLP,Smooth NLP
robustness_02,surrogate,projected,True,24909436.066597745,7503323.614220261,352.8188247983467,7.060121035444951,6.333333333333333,13.876919405171856,6914.876343910338,1665.2303286206227,31.720499731596227,33.24844029395806,14.235658379942072,7.447376424031372,S2,Extended ICSOR,Projected
robustness_02,mechanistic,smooth,True,22907829.056560807,4006566.5588335325,307.4969504021878,7.44977438852604,6.333333333410479,12.113909980030355,6038.35818491834,1453.669197531848,28.748093054556886,15.37634801981594,2.4284782469598847,5.872674974818153,S2,Smooth NLP,Smooth NLP
robustness_03,surrogate,projected,True,11721936.324647173,7043381.307170862,403.68583875528594,2.903727403663769,6.339743443958725,16.182197550527324,8094.575175294965,1941.8637060632789,163.57459918109828,8.586085795216563,19.365290311307355,7.087719349106367,S3,Extended ICSOR,Projected
robustness_03,mechanistic,smooth,True,14845208.262745963,3657098.0459435475,279.77375161488067,5.30614762001725,6.3333333333545125,11.011961848686617,5488.0821023493845,1321.435421822984,57.4058338200137,5.990747353673128,19.062711202280152,5.652259489293143,S3,Smooth NLP,Smooth NLP
robustness_04,surrogate,projected,True,7326626.267216769,3685624.683146425,260.8643426318812,2.8085962969480045,6.387038030924543,11.893932232569869,6092.901969014845,1427.2718679083844,97.67384411791215,2.6740359946627255,2.0837524910415297,5.533981803243174,S4,Extended ICSOR,Projected
robustness_04,mechanistic,smooth,True,6860053.163920166,3214980.294944843,244.790115277679,2.802422457352262,6.333333333384804,9.621399776200004,4793.679403830435,1154.567973106483,63.45613153920718,5.610801375317753,4.246551637040007,5.374889603290313,S4,Smooth NLP,Smooth NLP
robustness_05,surrogate,projected,True,18058479.020820066,5180793.032102242,264.88446037162197,6.817492802516526,6.360682932110197,11.163888397429732,5638.79519697041,1339.6666076915678,92.25305134402808,31.447644033915008,20.799401029518766,6.369880426651482,S5,Extended ICSOR,Projected
robustness_05,mechanistic,smooth,True,31020278.293232955,5324554.309436945,274.17568501291316,11.314015060005032,6.447452557783544,15.401417415900017,8144.147704691534,1848.1700896902914,91.27954038295758,6.842459970735499,8.049158117814823,6.595755146466489,S5,Smooth NLP,Smooth NLP
robustness_06,surrogate,projected,True,14243523.026602086,9077508.637332473,448.49405021094975,3.1758555146724077,6.333333333333333,17.68948924795838,8819.717347931219,2122.738709755006,151.10374345903742,30.605799418768324,18.363036288512703,7.903350330935592,S6,Extended ICSOR,Projected
robustness_06,mechanistic,smooth,True,17320775.845712386,4202700.480928528,323.0801584469056,5.3611388359396415,6.333333333355182,12.733301407117574,6347.66020999949,1527.9961688308347,48.621627276094294,27.50871253150533,18.021201566726184,5.996997860752086,S6,Smooth NLP,Smooth NLP
robustness_07,surrogate,projected,True,10285162.469136206,6541240.700735885,333.71106903670125,3.0820561328174145,6.333333333333333,13.141854955036273,6550.268696874863,1577.022594604353,222.54194085056093,14.210174391812805,14.328858182692281,6.5238254662716,S7,Extended ICSOR,Projected
robustness_07,mechanistic,smooth,True,14633907.063300403,3347000.412310082,255.22508290220088,5.7337260495309295,6.3333333333618125,10.036179529641998,5000.807385696143,1204.341543533908,75.15848418515716,6.809869814646412,13.775890382032019,5.45759330392945,S7,Smooth NLP,Smooth NLP
robustness_08,surrogate,projected,True,15894977.366646977,7419449.393552324,326.2735391865614,4.871672219045112,6.333333333333333,12.834793897239836,6395.782181597642,1540.1752676687804,39.40751146733591,24.00097119391518,22.77782410212365,6.825715901767673,S8,Extended ICSOR,Projected
robustness_08,mechanistic,smooth,True,8756631.228150282,3090240.179257186,234.94029741391077,3.7271729560821623,6.333333333391573,9.229879980914097,4598.166798067147,1107.585597669915,38.13994102827787,28.52281128722019,25.589849201278007,5.2967974217643095,S8,Smooth NLP,Smooth NLP
robustness_09,surrogate,projected,True,11464840.771282796,7251784.886455212,371.42440215534634,3.0867225483175673,6.333333333333333,14.640909159481899,7298.8478870674035,1756.9090991378278,193.80171299209277,29.704783165726127,11.550648217242868,6.823166107343278,S9,Extended ICSOR,Projected
robustness_09,mechanistic,smooth,True,18789304.041159548,3188747.3642770164,242.71788747218244,7.7412110977247055,6.33333333338922,9.539030815759933,4752.54693868701,1144.6836978487906,19.083519460576603,5.0213420107761575,10.143635617000179,5.35846376592349,S9,Smooth NLP,Smooth NLP
robustness_10,surrogate,projected,True,13840674.685639529,8683633.659317607,459.5047932614634,3.0120849420093054,6.333333333333333,18.125118935685173,9037.052188365351,2175.0142722822206,232.22559316232312,22.60547148521425,10.833448971338088,8.054930361258839,S10,Extended ICSOR,Projected
robustness_10,mechanistic,smooth,True,24311463.352624524,3805064.05959303,291.5048154911542,8.3399868752296,6.333333333385606,11.478254077755622,5720.933183664123,1377.3904892813357,64.90917446486098,3.6506404929573266,1.8559193386245594,5.745427739748443,S10,Smooth NLP,Smooth NLP
