route,classification,classification_type,count,denominator,fraction
surrogate,no accepted optimization start,adjudication,0,11,0.0
surrogate,projection failure,adjudication,0,11,0.0
surrogate,reference integration failure,adjudication,0,11,0.0
surrogate,residual or reduced-stability failure,adjudication,0,11,0.0
surrogate,engineering infeasibility,adjudication,0,11,0.0
surrogate,smooth-branch disagreement,adjudication,0,11,0.0
surrogate,upper-stationarity failure,adjudication,1,11,0.09090909090909091
surrogate,validated result,adjudication,10,11,0.9090909090909091
surrogate,not yet adjudicated,pending,0,11,0.0
direct,no accepted optimization start,adjudication,1,11,0.09090909090909091
direct,projection failure,adjudication,0,11,0.0
direct,reference integration failure,adjudication,0,11,0.0
direct,residual or reduced-stability failure,adjudication,0,11,0.0
direct,engineering infeasibility,adjudication,0,11,0.0
direct,smooth-branch disagreement,adjudication,0,11,0.0
direct,upper-stationarity failure,adjudication,10,11,0.9090909090909091
direct,validated result,adjudication,0,11,0.0
direct,not yet adjudicated,pending,0,11,0.0
