block,disposition,count,candidate_attempt_denominator,fraction_of_attempts
development,accepted,7386,8000,0.92325
development,solver_exception,0,8000,0.0
development,mass_or_residual,24,8000,0.003
development,stability,5,8000,0.000625
development,nonnegativity,0,8000,0.0
development,domain,0,8000,0.0
development,root_distance,1,8000,0.000125
development,branch_disagreement,584,8000,0.073
development,other_solver_rejection,0,8000,0.0
development,unclassified_rejection,0,8000,0.0
test,accepted,1845,2000,0.9225
test,solver_exception,0,2000,0.0
test,mass_or_residual,6,2000,0.003
test,stability,1,2000,0.0005
test,nonnegativity,0,2000,0.0
test,domain,0,2000,0.0
test,root_distance,0,2000,0.0
test,branch_disagreement,148,2000,0.074
test,other_solver_rejection,0,2000,0.0
test,unclassified_rejection,0,2000,0.0
