block,coordinate,accepted_row_denominator,finite_count,declared_lower,declared_upper,minimum,p05,median,p95,maximum,mean,population_sd,observed_span_fraction,below_declared_count,above_declared_count
development,H,7386,7386,6.0,36.0,6.000200741981639,7.581402158123347,21.00983038037289,34.531810417941244,35.99879877462773,21.041427991483843,8.628474174450494,0.9999532677548697,0,0
development,a_3,7386,7386,0.0,1.0,0.00010059578645642598,0.049231618886813336,0.4963840335684928,0.9488737572643167,0.9999782392467524,0.4971422778642075,0.2886961858032214,0.9998776434602961,0,0
development,a_4,7386,7386,0.0,1.0,7.500690499337495e-05,0.050602185396167905,0.49889600956191726,0.9503748756436017,0.9999163879435864,0.4995887102773098,0.2891604688640702,0.999841381038593,0,0
development,a_5,7386,7386,0.0,1.0,5.4025752718221044e-05,0.05010985294349505,0.49950266287777356,0.9486112846064625,0.9999100355424938,0.49902410672673364,0.2882837073331394,0.9998560097897756,0,0
development,r_I,7386,7386,0.0,4.0,0.00023251865371171407,0.19879561062777867,2.0026282464712066,3.8013064277314417,3.9997833233685123,2.0002289966467472,1.1559862792954574,0.9998877011787002,0,0
development,r_R,7386,7386,0.25,1.25,0.2500444779012291,0.30154554559764624,0.7524001396212406,1.1999010131847045,1.2499233566095038,0.7507940276045609,0.28866503002184707,0.9998788787082747,0,0
development,w,7386,7386,0.001,0.05,0.00101805147387992,0.005874781138435164,0.02735063453782418,0.04773393179820594,0.04999733345698654,0.02719757811228266,0.01332863991195667,0.9995771833287064,0,0
development,S_O,7386,7386,0.0,0.5,3.649303793047816e-05,0.025350643882557856,0.25066501864770663,0.4758837846691042,0.49994331169067324,0.25093286975953827,0.14466024253302162,0.9998136373054856,0,0
development,S_F,7386,7386,20.0,180.0,20.03184003540622,28.121520412925815,99.92015934484914,172.1276723020046,179.98373603765904,100.06859816332482,46.152111924022876,0.9996993500140802,0,0
development,S_A,7386,7386,5.0,80.0,5.008639450204506,8.72636471464612,42.36939105693627,76.27272789018087,79.99309342973484,42.47390766581281,21.693948384440915,0.9997927197270711,0,0
development,S_NH4,7386,7386,12.0,55.0,12.004243987944577,14.08465274386538,33.40310380687619,52.869148280402975,54.99699788384403,33.438409627630925,12.433918563804124,0.9998314859511501,0,0
development,S_NO2,7386,7386,0.0,3.0,0.00029832289640771667,0.15036002985115676,1.50010886866977,2.8486085897683995,2.999844870587382,1.4988693758535576,0.8667883499324787,0.9998488492303248,0,0
development,S_NO3,7386,7386,0.0,8.0,0.0005635377968262696,0.40362315202341165,4.0068907833181555,7.608686331314013,7.999146756219317,4.009779416584603,2.3098430119824687,0.9998229023028113,0,0
development,S_N2,7386,7386,0.0,2.0,0.00014740730030961225,0.1009179988638127,0.9997799850679154,1.8987248570968942,1.9997781956934504,1.000212440396175,0.5772682911285274,0.9998153941965704,0,0
development,S_PO4,7386,7386,2.0,18.0,2.0014897928129023,2.7949475923439637,10.000183131325755,17.1805448864286,17.998255026081623,10.00259736458519,4.612432058313357,0.999797827079295,0,0
development,S_I,7386,7386,10.0,90.0,10.018547002569287,14.136706713636176,50.047205022265274,85.97812719718597,89.9966625698979,50.06466738363021,23.076561040810372,0.9997264445916075,0,0
development,S_ALK,7386,7386,1.6,5.2,1.600787930584948,1.7795676760412857,3.3927121086590946,5.017830442151789,5.199556691286361,3.3959183896533527,1.0399611973678609,0.9996579890837257,0,0
development,X_I,7386,7386,20.0,120.0,20.00569234904474,24.7686804196235,68.52607277630733,114.71691814893066,119.99146098488103,69.07966202864974,28.87402514907898,0.9998576863583629,0,0
development,X_S,7386,7386,60.0,280.0,60.02442630313244,71.24174900931483,169.15023206182164,268.88125530368154,279.977352105853,169.7399572745234,63.43516728099399,0.9997860263760027,0,0
development,X_H,7386,7386,15.0,100.0,15.009094703642083,19.300433859506796,57.634514924433965,95.68518364323216,99.99818785451966,57.52584547215133,24.481985988207956,0.9998716841279716,0,0
development,X_PAO,7386,7386,5.0,60.0,5.003409284351261,7.754352464403066,32.411685314948336,57.142640500850106,59.999585978456814,32.42349211267385,15.857692085072541,0.9999304853473736,0,0
development,X_PP,7386,7386,2.0,20.0,2.001345481907078,2.88935220415463,10.97315992040907,19.115427670067735,19.997001919159995,10.990628174625824,5.200600322213482,0.9997586909584955,0,0
development,X_PHA,7386,7386,1.0,30.0,1.001878915839958,2.466133049757025,15.521136644771357,28.575381857942503,29.997583798945897,15.519628454404799,8.367349256104102,0.9998518925208945,0,0
development,X_AOB,7386,7386,0.5,8.0,0.5004721827976594,0.8778886420098888,4.272468620043727,7.629796937756619,7.999943387511764,4.261444986769318,2.1668108993502737,0.9999294939618807,0,0
development,X_NOB,7386,7386,0.5,8.0,0.5004965146485856,0.875959393445473,4.255417125359051,7.622499068602856,7.999583811068355,4.2520913474958535,2.168950871892852,0.9998783061893026,0,0
development,X_MeP,7386,7386,0.0,12.0,0.0011916587273403457,0.5843434770048392,5.968740694520902,11.390912095441472,11.998947738624306,5.986353226685647,3.4729376611765814,0.9998130066580805,0,0
development,X_MeOH,7386,7386,0.0,12.0,0.0007577528349733158,0.5694109445539194,5.9730351008189935,11.384356212472706,11.999139156808766,5.969061284855936,3.4749577917803345,0.9998651169978161,0,0
holdout,H,1845,1845,6.0,36.0,6.005770989234139,7.609255288563769,21.07174721736351,34.509761613300526,35.99304482391844,21.071580965720837,8.595345907328728,0.9995757944894766,0,0
holdout,a_3,1845,1845,0.0,1.0,0.0004408282944658841,0.04725251981318575,0.49790353308132224,0.9477060691453407,0.9992873307048075,0.4970503428067398,0.28834550412667864,0.9988465024103416,0,0
holdout,a_4,1845,1845,0.0,1.0,0.00016266597046220006,0.0504183945933588,0.49871281518327065,0.9472362538822215,0.9998386467785478,0.4987747992139121,0.2874664856417646,0.9996759808080856,0,0
holdout,a_5,1845,1845,0.0,1.0,6.29962879922332e-05,0.05050008433937863,0.4976826992671004,0.9507543740346265,0.9997993951161456,0.49938718856585596,0.28849159078842135,0.9997363988281533,0,0
holdout,r_I,1845,1845,0.0,4.0,0.00145585823984039,0.20560924391779814,1.9977559783527605,3.7949578596850997,3.9981980712741563,2.0006970504963086,1.152892855223336,0.9991855532585789,0,0
holdout,r_R,1845,1845,0.25,1.25,0.25012999079669423,0.3024870940989493,0.7558286181637304,1.2016243115121716,1.249694308418191,0.7543991892753359,0.2889820221064413,0.9995643176214968,0,0
holdout,w,1845,1845,0.001,0.05,0.001062036031568303,0.005542542060666487,0.027365576816007327,0.04772369215847886,0.04999829396874519,0.027200306762875978,0.013342937500345046,0.9986991415750384,0,0
holdout,S_O,1845,1845,0.0,0.5,0.00011721784707618106,0.024834115892129503,0.24612099064514964,0.47537166041254686,0.4998732602920443,0.24836682791453996,0.14459325509126744,0.9995120848899363,0,0
holdout,S_F,1845,1845,20.0,180.0,20.03228535301024,27.968327702122906,100.14707197218476,171.86627063300278,179.97369514196924,100.14376059913336,46.14837882629942,0.9996338111809937,0,0
holdout,S_A,1845,1845,5.0,80.0,5.009723507883777,8.70854163375655,42.662971485939124,76.29682412278099,79.97569014523084,42.521937845598515,21.62797750671521,0.9995462218312942,0,0
holdout,S_NH4,1845,1845,12.0,55.0,12.008940917993513,14.203970626251678,33.71081801738585,52.83807343217599,54.978869987496594,33.60066481430043,12.418922505385991,0.9993006760349554,0,0
holdout,S_NO2,1845,1845,0.0,3.0,0.001306255653741689,0.15411741849912824,1.5160841737958537,2.849623608040597,2.999928309014896,1.5116966869474702,0.865453543818165,0.9995406844537181,0,0
holdout,S_NO3,1845,1845,0.0,8.0,0.002819372804897882,0.41569420649976474,4.010296948901822,7.598107135404158,7.999420215618282,4.0038685441851865,2.2973498443810656,0.999575105351673,0,0
holdout,S_N2,1845,1845,0.0,2.0,0.0009741950023992485,0.09525698944306704,1.0015712730657689,1.8999312372960269,1.9991033772797653,0.9994694551461422,0.579659493442184,0.9990645911386831,0,0
holdout,S_PO4,1845,1845,2.0,18.0,2.0004790614828254,2.7740411071264197,9.90461105412476,17.18435520170854,17.99508740570075,9.95860197058361,4.62462857645622,0.9996630215136204,0,0
holdout,S_I,1845,1845,10.0,90.0,10.037279613708087,14.252405658018816,50.02172161209963,86.05583332268601,89.9802455895984,50.17034277815409,23.01713352151801,0.9992870746986288,0,0
holdout,S_ALK,1845,1845,1.6,5.2,1.6011824748455825,1.7771363575577857,3.3862025725882647,5.01471550507859,5.199274733819704,3.3931015131592317,1.0407695720338461,0.9994700719372558,0,0
holdout,X_I,1845,1845,20.0,120.0,20.01224376961068,24.88074581652414,68.43947959978696,114.90806727337329,119.99110538156691,68.95529170009078,28.806555682546858,0.9997886161195624,0,0
holdout,X_S,1845,1845,60.0,280.0,60.07614722638045,70.54105612685461,169.9423739915688,268.9378064866923,279.9767687720374,169.88090324243893,63.654992266640036,0.9995482797529862,0,0
holdout,X_H,1845,1845,15.0,100.0,15.065414854710314,19.462384872797976,57.81058217275355,95.73280521087415,99.95987439868377,57.71788025923152,24.423589407761316,0.9987583475761583,0,0
holdout,X_PAO,1845,1845,5.0,60.0,5.023220735575022,7.693892584760712,32.3695888566525,57.23841608485637,59.98995849150649,32.46890157374806,15.884204930271554,0.9993952319260268,0,0
holdout,X_PP,1845,1845,2.0,20.0,2.0084558095610916,2.9072028704003725,10.909319511181085,19.10261927445238,19.992216448737736,10.955916160027673,5.202823799968245,0.9990978132875914,0,0
holdout,X_PHA,1845,1845,1.0,30.0,1.014081737450966,2.5043113538500275,15.626131153382936,28.500239171857228,29.972695377661235,15.583267844837918,8.341523521578273,0.9985728841451817,0,0
holdout,X_AOB,1845,1845,0.5,8.0,0.502534984123326,0.8961277045080063,4.254143114819391,7.6416318342666365,7.999122494703642,4.2586433105625385,2.1672800852734535,0.9995450014107089,0,0
holdout,X_NOB,1845,1845,0.5,8.0,0.5028988436780227,0.8706530546806848,4.277893715646534,7.63519712893751,7.996609718752454,4.265412979129861,2.173976421405604,0.9991614500099242,0,0
holdout,X_MeP,1845,1845,0.0,12.0,0.0034348514670670283,0.5891625145817635,5.984716929623944,11.395997624428098,11.994075618439586,5.987816459661555,3.4628440431034146,0.9992200639143766,0,0
holdout,X_MeOH,1845,1845,0.0,12.0,0.005875090526697329,0.6052793078106049,5.906500884925132,11.336561907583043,11.995235249282837,5.961306545482831,3.436320129998913,0.9991133465630117,0,0
