case,decision_route,response_method,location,quantity,value
nominal,surrogate,raw,mixer,COD,2420.9285206183595
nominal,surrogate,raw,mixer,TN,110.23026146456618
nominal,surrogate,raw,mixer,TP,81.10943303065599
nominal,surrogate,raw,mixer,TSS,1987.8898734947875
nominal,surrogate,raw,reactor_1,DO,0.000513615552566853
nominal,surrogate,raw,reactor_1,TN,106.65789763221463
nominal,surrogate,raw,reactor_1,TP,81.10943303079465
nominal,surrogate,raw,reactor_1,TSS,1967.0589192286366
nominal,surrogate,raw,reactor_2,DO,1.3174593683309778e-06
nominal,surrogate,raw,reactor_2,TN,106.52200538138405
nominal,surrogate,raw,reactor_2,TP,81.10943303090087
nominal,surrogate,raw,reactor_2,TSS,1938.9881978205556
nominal,surrogate,raw,reactor_3,DO,0.042814456079549305
nominal,surrogate,raw,reactor_3,TN,106.04802689412581
nominal,surrogate,raw,reactor_3,TP,81.10943303100727
nominal,surrogate,raw,reactor_3,TSS,1938.7039113962587
nominal,surrogate,raw,reactor_4,DO,0.06401446993257802
nominal,surrogate,raw,reactor_4,TN,105.58139449615564
nominal,surrogate,raw,reactor_4,TP,81.109433031116
nominal,surrogate,raw,reactor_4,TSS,1938.9986142136472
nominal,surrogate,raw,reactor_5,DO,0.15626741231996527
nominal,surrogate,raw,reactor_5,TN,104.99892122543777
nominal,surrogate,raw,reactor_5,TP,81.10943303124405
nominal,surrogate,raw,reactor_5,TSS,1939.4748169155584
nominal,surrogate,raw,clarifier_overflow,COD,168.1192191528271
nominal,surrogate,raw,clarifier_overflow,TN,26.464519121981063
nominal,surrogate,raw,clarifier_overflow,TP,17.739369396631936
nominal,surrogate,raw,clarifier_overflow,TSS,12.644994155223237
nominal,surrogate,raw,clarifier_underflow,COD,11228.971134092435
nominal,surrogate,raw,clarifier_underflow,TN,381.43991146444694
nominal,surrogate,raw,clarifier_underflow,TP,373.4199076236081
nominal,surrogate,raw,clarifier_underflow,TSS,9755.176587922091
nominal,surrogate,raw,clarifier_inventory,TSS_mass,7926111.9229898155
nominal,surrogate,projected,mixer,COD,2298.989860692185
nominal,surrogate,projected,mixer,TN,108.20506461156407
nominal,surrogate,projected,mixer,TP,58.20429454406826
nominal,surrogate,projected,mixer,TSS,1783.6005004050241
nominal,surrogate,projected,reactor_1,DO,0.000513615552566853
nominal,surrogate,projected,reactor_1,TN,103.2446924027749
nominal,surrogate,projected,reactor_1,TP,58.204294544063295
nominal,surrogate,projected,reactor_1,TSS,1753.8992083271858
nominal,surrogate,projected,reactor_2,DO,1.3174593683309778e-06
nominal,surrogate,projected,reactor_2,TN,103.10817301159149
nominal,surrogate,projected,reactor_2,TP,58.2042945440585
nominal,surrogate,projected,reactor_2,TSS,1725.082503238205
nominal,surrogate,projected,reactor_3,DO,0.042814456079549305
nominal,surrogate,projected,reactor_3,TN,102.6366949206972
nominal,surrogate,projected,reactor_3,TP,58.20429454405391
nominal,surrogate,projected,reactor_3,TSS,1725.4772126331372
nominal,surrogate,projected,reactor_4,DO,0.06401446993257802
nominal,surrogate,projected,reactor_4,TN,102.17329742675071
nominal,surrogate,projected,reactor_4,TP,58.20429454404969
nominal,surrogate,projected,reactor_4,TSS,1726.592043951373
nominal,surrogate,projected,reactor_5,DO,0.16207950799398885
nominal,surrogate,projected,reactor_5,TN,101.77918768978265
nominal,surrogate,projected,reactor_5,TP,58.20429454404582
nominal,surrogate,projected,reactor_5,TSS,1833.4253588741649
nominal,surrogate,projected,clarifier_overflow,COD,165.51088622033274
nominal,surrogate,projected,clarifier_overflow,TN,23.442513363029384
nominal,surrogate,projected,clarifier_overflow,TP,16.138279777930585
nominal,surrogate,projected,clarifier_overflow,TSS,7.3231031422863495
nominal,surrogate,projected,clarifier_underflow,COD,9308.949303461242
nominal,surrogate,projected,clarifier_underflow,TN,349.84532305782733
nominal,surrogate,projected,clarifier_underflow,TP,191.41334130345754
nominal,surrogate,projected,clarifier_underflow,TSS,7616.082502025117
nominal,surrogate,projected,clarifier_inventory,TSS_mass,7926111.9229898155
nominal,surrogate,reference,mixer,COD,1762.8326377814137
nominal,surrogate,reference,mixer,TN,92.56401297463003
nominal,surrogate,reference,mixer,TP,50.3443101502059
nominal,surrogate,reference,mixer,TSS,1359.819485343325
nominal,surrogate,reference,reactor_1,DO,0.0005466314160833412
nominal,surrogate,reference,reactor_1,TN,88.35906775895063
nominal,surrogate,reference,reactor_1,TP,50.34431015037517
nominal,surrogate,reference,reactor_1,TSS,1350.5517002515414
nominal,surrogate,reference,reactor_2,DO,1.4323148442436267e-06
nominal,surrogate,reference,reactor_2,TN,88.16433878878742
nominal,surrogate,reference,reactor_2,TP,50.34431015054793
nominal,surrogate,reference,reactor_2,TSS,1327.5930230618276
nominal,surrogate,reference,reactor_3,DO,0.05020002496807411
nominal,surrogate,reference,reactor_3,TN,87.78024313737257
nominal,surrogate,reference,reactor_3,TP,50.34431015072417
nominal,surrogate,reference,reactor_3,TSS,1326.0941850630588
nominal,surrogate,reference,reactor_4,DO,0.04900018532135838
nominal,surrogate,reference,reactor_4,TN,87.40571272229981
nominal,surrogate,reference,reactor_4,TP,50.34431015090411
nominal,surrogate,reference,reactor_4,TSS,1324.9230947124865
nominal,surrogate,reference,reactor_5,DO,0.047819884033288185
nominal,surrogate,reference,reactor_5,TN,87.04296110260924
nominal,surrogate,reference,reactor_5,TP,50.34431015108801
nominal,surrogate,reference,reactor_5,TSS,1323.6210636559595
nominal,surrogate,reference,clarifier_overflow,COD,151.26152539716267
nominal,surrogate,reference,clarifier_overflow,TN,28.74913886114906
nominal,surrogate,reference,clarifier_overflow,TP,18.206696725874856
nominal,surrogate,reference,clarifier_overflow,TSS,5.655896415889993
nominal,surrogate,reference,clarifier_underflow,COD,6628.163188907069
nominal,surrogate,reference,clarifier_underflow,TN,271.64006487315015
nominal,surrogate,reference,clarifier_underflow,TP,152.1134193341917
nominal,surrogate,reference,clarifier_underflow,TSS,5497.177426716625
nominal,surrogate,reference,clarifier_inventory,TSS_mass,3662880.226609888
nominal,surrogate,reference,clarifier_layer_1,TSS,5.655896415889994
nominal,surrogate,reference,clarifier_layer_2,TSS,8.194865136280338
nominal,surrogate,reference,clarifier_layer_3,TSS,12.84380765955129
nominal,surrogate,reference,clarifier_layer_4,TSS,26.868223046823196
nominal,surrogate,reference,clarifier_layer_5,TSS,110.81203174156728
nominal,surrogate,reference,clarifier_layer_6,TSS,110.81203174158132
nominal,surrogate,reference,clarifier_layer_7,TSS,110.81203174159542
nominal,surrogate,reference,clarifier_layer_8,TSS,110.8120317416095
nominal,surrogate,reference,clarifier_layer_9,TSS,110.81203174162361
nominal,surrogate,reference,clarifier_layer_10,TSS,5497.177426716625
nominal,surrogate,exact_mechanistic_start_1,clarifier_layer_1,TSS,5.655896415889994
nominal,surrogate,exact_mechanistic_start_1,clarifier_layer_2,TSS,8.194865136280338
nominal,surrogate,exact_mechanistic_start_1,clarifier_layer_3,TSS,12.84380765955129
nominal,surrogate,exact_mechanistic_start_1,clarifier_layer_4,TSS,26.868223046823196
nominal,surrogate,exact_mechanistic_start_1,clarifier_layer_5,TSS,110.81203174156728
nominal,surrogate,exact_mechanistic_start_1,clarifier_layer_6,TSS,110.81203174158132
nominal,surrogate,exact_mechanistic_start_1,clarifier_layer_7,TSS,110.81203174159542
nominal,surrogate,exact_mechanistic_start_1,clarifier_layer_8,TSS,110.8120317416095
nominal,surrogate,exact_mechanistic_start_1,clarifier_layer_9,TSS,110.81203174162361
nominal,surrogate,exact_mechanistic_start_1,clarifier_layer_10,TSS,5497.177426716625
nominal,surrogate,exact_mechanistic_start_2,clarifier_layer_1,TSS,5.65589641505593
nominal,surrogate,exact_mechanistic_start_2,clarifier_layer_2,TSS,8.194865135364862
nominal,surrogate,exact_mechanistic_start_2,clarifier_layer_3,TSS,12.843807658242232
nominal,surrogate,exact_mechanistic_start_2,clarifier_layer_4,TSS,26.86822304351031
nominal,surrogate,exact_mechanistic_start_2,clarifier_layer_5,TSS,110.81203171867077
nominal,surrogate,exact_mechanistic_start_2,clarifier_layer_6,TSS,110.81203171865691
nominal,surrogate,exact_mechanistic_start_2,clarifier_layer_7,TSS,110.81203171864293
nominal,surrogate,exact_mechanistic_start_2,clarifier_layer_8,TSS,110.81203171862884
nominal,surrogate,exact_mechanistic_start_2,clarifier_layer_9,TSS,110.81203171861492
nominal,surrogate,exact_mechanistic_start_2,clarifier_layer_10,TSS,5497.177424424305
nominal,direct,smooth,mixer,COD,1646.877978596392
nominal,direct,smooth,mixer,TN,99.270973631174
nominal,direct,smooth,mixer,TP,57.27284633140229
nominal,direct,smooth,mixer,TSS,1322.8838006164533
nominal,direct,smooth,reactor_1,DO,0.00018031224508824009
nominal,direct,smooth,reactor_1,TN,94.71244150562534
nominal,direct,smooth,reactor_1,TP,57.27284633140228
nominal,direct,smooth,reactor_1,TSS,1265.2661976293707
nominal,direct,smooth,reactor_2,DO,1.268132060809957e-07
nominal,direct,smooth,reactor_2,TN,94.66489998609848
nominal,direct,smooth,reactor_2,TP,57.27284633140228
nominal,direct,smooth,reactor_2,TSS,1213.190829219728
nominal,direct,smooth,reactor_3,DO,0.041388759969628416
nominal,direct,smooth,reactor_3,TN,93.74812131205634
nominal,direct,smooth,reactor_3,TP,57.27284633140228
nominal,direct,smooth,reactor_3,TSS,1232.8832204745006
nominal,direct,smooth,reactor_4,DO,0.04263840194156245
nominal,direct,smooth,reactor_4,TN,92.8270819321486
nominal,direct,smooth,reactor_4,TP,57.27284633140228
nominal,direct,smooth,reactor_4,TSS,1259.13107127693
nominal,direct,smooth,reactor_5,DO,0.31087620748109457
nominal,direct,smooth,reactor_5,TN,88.86302103355244
nominal,direct,smooth,reactor_5,TP,57.27284633140228
nominal,direct,smooth,reactor_5,TSS,1279.242140952943
nominal,direct,smooth,clarifier_overflow,COD,57.60124846928052
nominal,direct,smooth,clarifier_overflow,TN,20.554016676425718
nominal,direct,smooth,clarifier_overflow,TP,16.383397729976554
nominal,direct,smooth,clarifier_overflow,TSS,5.582079248981164
nominal,direct,smooth,clarifier_underflow,COD,6048.389892796027
nominal,direct,smooth,clarifier_underflow,TN,305.1748681518782
nominal,direct,smooth,clarifier_underflow,TP,186.7561002283894
nominal,direct,smooth,clarifier_underflow,TSS,5312.49900278101
nominal,direct,smooth,clarifier_inventory,TSS_mass,3545432.5692000464
nominal,direct,raw,mixer,COD,2077.718254910987
nominal,direct,raw,mixer,TN,103.8610392425214
nominal,direct,raw,mixer,TP,85.1787209427798
nominal,direct,raw,mixer,TSS,1782.2641231173002
nominal,direct,raw,reactor_1,DO,0.0005588048076241022
nominal,direct,raw,reactor_1,TN,100.00627503487726
nominal,direct,raw,reactor_1,TP,85.17872094290226
nominal,direct,raw,reactor_1,TSS,1739.8129089604154
nominal,direct,raw,reactor_2,DO,1.4906365649445405e-06
nominal,direct,raw,reactor_2,TN,99.9050020355929
nominal,direct,raw,reactor_2,TP,85.17872094298912
nominal,direct,raw,reactor_2,TSS,1694.156092291311
nominal,direct,raw,reactor_3,DO,0.06185580826421716
nominal,direct,raw,reactor_3,TN,99.07016053129239
nominal,direct,raw,reactor_3,TP,85.17872094307621
nominal,direct,raw,reactor_3,TSS,1701.8442221653602
nominal,direct,raw,reactor_4,DO,0.10351003055030834
nominal,direct,raw,reactor_4,TN,98.24107820091612
nominal,direct,raw,reactor_4,TP,85.17872094316516
nominal,direct,raw,reactor_4,TSS,1712.0266961785496
nominal,direct,raw,reactor_5,DO,0.28635682701445675
nominal,direct,raw,reactor_5,TN,97.25137683312634
nominal,direct,raw,reactor_5,TP,85.17872094327359
nominal,direct,raw,reactor_5,TSS,1723.0993343332805
nominal,direct,raw,clarifier_overflow,COD,91.8709342164929
nominal,direct,raw,clarifier_overflow,TN,22.98996361830159
nominal,direct,raw,clarifier_overflow,TP,17.230793678613555
nominal,direct,raw,clarifier_overflow,TSS,14.016933515872209
nominal,direct,raw,clarifier_underflow,COD,9707.230673806145
nominal,direct,raw,clarifier_underflow,TN,359.2200032130815
nominal,direct,raw,clarifier_underflow,TP,398.68175013658754
nominal,direct,raw,clarifier_underflow,TSS,8830.62037032087
nominal,direct,raw,clarifier_inventory,TSS_mass,7377993.86137283
nominal,direct,projected,mixer,COD,1988.6186016780537
nominal,direct,projected,mixer,TN,103.43980142168158
nominal,direct,projected,mixer,TP,63.14584075050665
nominal,direct,projected,mixer,TSS,1585.871906507776
nominal,direct,projected,reactor_1,DO,0.0005588048076241022
nominal,direct,projected,reactor_1,TN,96.49559456108379
nominal,direct,projected,reactor_1,TP,63.145840750503226
nominal,direct,projected,reactor_1,TSS,1525.4379090346158
nominal,direct,projected,reactor_2,DO,1.4906365649445405e-06
nominal,direct,projected,reactor_2,TN,96.39317737923275
nominal,direct,projected,reactor_2,TP,63.14584075049992
nominal,direct,projected,reactor_2,TSS,1478.823530154594
nominal,direct,projected,reactor_3,DO,0.06185580826421716
nominal,direct,projected,reactor_3,TN,95.56071666387089
nominal,direct,projected,reactor_3,TP,63.14584075049677
nominal,direct,projected,reactor_3,TSS,1487.3750212894124
nominal,direct,projected,reactor_4,DO,0.10351003055030834
nominal,direct,projected,reactor_4,TN,94.73478250578047
nominal,direct,projected,reactor_4,TP,63.14584075049386
nominal,direct,projected,reactor_4,TSS,1498.5990230078853
nominal,direct,projected,reactor_5,DO,0.31174770925316236
nominal,direct,projected,reactor_5,TN,93.4600835968941
nominal,direct,projected,reactor_5,TP,63.145840750491196
nominal,direct,projected,reactor_5,TSS,1595.979646411061
nominal,direct,projected,clarifier_overflow,COD,80.01122349690738
nominal,direct,projected,clarifier_overflow,TN,20.020423538285435
nominal,direct,projected,clarifier_overflow,TP,14.83787288308919
nominal,direct,projected,clarifier_overflow,TSS,7.097577164594021
nominal,direct,projected,clarifier_underflow,COD,7757.093007959169
nominal,direct,projected,clarifier_underflow,TN,326.0190071022965
nominal,direct,projected,clarifier_underflow,TP,216.12107232173895
nominal,direct,projected,clarifier_underflow,TSS,6627.439532065711
nominal,direct,projected,clarifier_inventory,TSS_mass,7377993.86137283
nominal,direct,reference,mixer,COD,1646.877978089125
nominal,direct,reference,mixer,TN,99.27097361552887
nominal,direct,reference,mixer,TP,57.27284631903256
nominal,direct,reference,mixer,TSS,1322.8838001865643
nominal,direct,reference,reactor_1,DO,0.00018031224514515102
nominal,direct,reference,reactor_1,TN,94.71244148890085
nominal,direct,reference,reactor_1,TP,57.27284631863604
nominal,direct,reference,reactor_1,TSS,1265.2661971910998
nominal,direct,reference,reactor_2,DO,1.2681320614195014e-07
nominal,direct,reference,reactor_2,TN,94.66489996884782
nominal,direct,reference,reactor_2,TP,57.27284631822336
nominal,direct,reference,reactor_2,TSS,1213.190828772957
nominal,direct,reference,reactor_3,DO,0.04138875997747294
nominal,direct,reference,reactor_3,TN,93.74812129409932
nominal,direct,reference,reactor_3,TP,57.272846317797345
nominal,direct,reference,reactor_3,TSS,1232.883220017287
nominal,direct,reference,reactor_4,DO,0.04263840195468173
nominal,direct,reference,reactor_4,TN,92.82708191336106
nominal,direct,reference,reactor_4,TP,57.27284631735714
nominal,direct,reference,reactor_4,TSS,1259.131070807863
nominal,direct,reference,reactor_5,DO,0.3108762076766854
nominal,direct,reference,reactor_5,TN,88.86302101481125
nominal,direct,reference,reactor_5,TP,57.272846316897514
nominal,direct,reference,reactor_5,TSS,1279.242140462047
nominal,direct,reference,clarifier_overflow,COD,57.601248467349336
nominal,direct,reference,clarifier_overflow,TN,20.554016674664968
nominal,direct,reference,clarifier_overflow,TP,16.383397729342555
nominal,direct,reference,clarifier_overflow,TSS,5.582079248199277
nominal,direct,reference,clarifier_underflow,COD,6048.389890259692
nominal,direct,reference,clarifier_underflow,TN,305.17486807365253
nominal,direct,reference,clarifier_underflow,TP,186.75610016654076
nominal,direct,reference,clarifier_underflow,TSS,5312.499000631566
nominal,direct,reference,clarifier_inventory,TSS_mass,3545432.5678363363
nominal,direct,smooth,clarifier_layer_1,TSS,5.582079248981162
nominal,direct,smooth,clarifier_layer_2,TSS,8.113787265456
nominal,direct,smooth,clarifier_layer_3,TSS,12.726268374911534
nominal,direct,smooth,clarifier_layer_4,TSS,26.56588587448548
nominal,direct,smooth,clarifier_layer_5,TSS,108.71345169104696
nominal,direct,smooth,clarifier_layer_6,TSS,108.71345169104696
nominal,direct,smooth,clarifier_layer_7,TSS,108.71345169104696
nominal,direct,smooth,clarifier_layer_8,TSS,108.71345169104696
nominal,direct,smooth,clarifier_layer_9,TSS,108.71345169104691
nominal,direct,smooth,clarifier_layer_10,TSS,5312.499002781008
nominal,direct,reference,clarifier_layer_1,TSS,5.5820792481992765
nominal,direct,reference,clarifier_layer_2,TSS,8.113787264556535
nominal,direct,reference,clarifier_layer_3,TSS,12.72626837359289
nominal,direct,reference,clarifier_layer_4,TSS,26.565885871097734
nominal,direct,reference,clarifier_layer_5,TSS,108.713451667668
nominal,direct,reference,clarifier_layer_6,TSS,108.71345166765572
nominal,direct,reference,clarifier_layer_7,TSS,108.71345166764337
nominal,direct,reference,clarifier_layer_8,TSS,108.71345166763108
nominal,direct,reference,clarifier_layer_9,TSS,108.71345166761873
nominal,direct,reference,clarifier_layer_10,TSS,5312.499000631564
nominal,direct,exact_mechanistic_start_1,clarifier_layer_1,TSS,5.5820792481992765
nominal,direct,exact_mechanistic_start_1,clarifier_layer_2,TSS,8.113787264556535
nominal,direct,exact_mechanistic_start_1,clarifier_layer_3,TSS,12.72626837359289
nominal,direct,exact_mechanistic_start_1,clarifier_layer_4,TSS,26.565885871097734
nominal,direct,exact_mechanistic_start_1,clarifier_layer_5,TSS,108.713451667668
nominal,direct,exact_mechanistic_start_1,clarifier_layer_6,TSS,108.71345166765572
nominal,direct,exact_mechanistic_start_1,clarifier_layer_7,TSS,108.71345166764337
nominal,direct,exact_mechanistic_start_1,clarifier_layer_8,TSS,108.71345166763108
nominal,direct,exact_mechanistic_start_1,clarifier_layer_9,TSS,108.71345166761873
nominal,direct,exact_mechanistic_start_1,clarifier_layer_10,TSS,5312.499000631564
nominal,direct,exact_mechanistic_start_2,clarifier_layer_1,TSS,5.582079249707498
nominal,direct,exact_mechanistic_start_2,clarifier_layer_2,TSS,8.113787266221415
nominal,direct,exact_mechanistic_start_2,clarifier_layer_3,TSS,12.726268376005736
nominal,direct,exact_mechanistic_start_2,clarifier_layer_4,TSS,26.56588587728076
nominal,direct,exact_mechanistic_start_2,clarifier_layer_5,TSS,108.71345171033312
nominal,direct,exact_mechanistic_start_2,clarifier_layer_6,TSS,108.71345171034335
nominal,direct,exact_mechanistic_start_2,clarifier_layer_7,TSS,108.7134517103535
nominal,direct,exact_mechanistic_start_2,clarifier_layer_8,TSS,108.71345171036363
nominal,direct,exact_mechanistic_start_2,clarifier_layer_9,TSS,108.71345171037387
nominal,direct,exact_mechanistic_start_2,clarifier_layer_10,TSS,5312.499004554136
