case,route,response_method,available,solver_reported_objective,recomputed_objective,quality,hrt,aeration,internal_recycle,return_sludge,wasting
nominal,surrogate,projected,True,0.8133706812375229,0.8133706812375228,1.5093008124615448,0.0,0.16666666666666666,0.0,0.0,0.5077388334683411
nominal,direct,smooth,True,0.7861974318370227,0.7861974318370228,1.1845796630231995,0.45115559051055043,0.5426296586771732,8.855900605182784e-11,2.2752466577458108e-11,0.35416660015680707
robustness_01,surrogate,projected,True,0.8399604929801031,0.8399604929801031,1.2044548039548924,0.5312482320401152,0.609373526700096,0.20093538666994795,0.0,0.5224876304624632
robustness_01,direct,smooth,False,,,,,,,,
robustness_02,surrogate,projected,True,0.9356112306480341,0.935611230648034,1.3179972733628376,0.6814590688204495,0.7345492240170413,0.08868602054210134,0.0,0.4609917562606892
robustness_02,direct,smooth,True,0.6372203748798654,0.6372203748798654,0.5313680267360157,0.8465531618284505,0.8721276332751009,0.9999999993549373,6.173545008536507e-11,0.40255721223472346
robustness_03,surrogate,projected,True,0.7292697694315966,0.7292697694315966,1.3306898800918425,0.0034292001265762667,0.16641915931171758,0.07327142953508435,0.0,0.5292609205518246
robustness_03,direct,smooth,True,0.7066281264983072,0.7066281264983071,1.0007942263147858,0.4882233884529885,0.5735194903069927,7.960793110160448e-11,1.836092389240207e-11,0.36587214013337893
robustness_04,surrogate,projected,True,0.27710156309261735,0.2771015630926173,0.43305493326755695,0.011102272497751139,0.16862388145349919,0.16292961280830356,0.0,0.3407499730612232
robustness_04,direct,smooth,True,0.30793859851193983,0.30793859851193983,0.48274608882647957,0.05448407186846727,0.21207005982101224,1.7125008697855158e-10,4.061873060123844e-11,0.3195786268726823
robustness_05,surrogate,projected,True,1.0662846366911818,1.0662846366911818,1.6408101204952026,0.5923519854672705,0.6602933212227254,0.154286365025278,0.0,0.34507592255361896
robustness_05,direct,smooth,True,0.7022080431154232,0.7022080431154232,0.722820174016596,0.9999999999057467,0.864724176464926,7.901388468903443e-11,1.472476029995562e-10,0.3570624163392977
robustness_06,surrogate,projected,True,0.9132997237023777,0.9132997237023774,1.6991002445341816,0.0,0.16666666666666666,0.020344205510319624,0.0,0.5879811565287479
robustness_06,direct,smooth,True,0.8896782670351744,0.8896782670351742,1.3601005339974523,0.4899025242529319,0.5749187701379345,9.382518302989352e-11,1.903971424965789e-11,0.423177347305562
robustness_07,surrogate,projected,True,0.7514317482933248,0.7514317482933247,1.3913365771122959,0.0,0.16666666666666666,0.011917948285212438,0.0,0.4366845797916576
robustness_07,direct,smooth,True,0.6681409772912887,0.6681409772912887,0.8693923479185324,0.5792908801881408,0.649409066734428,9.638149476969655e-11,2.4008850463275166e-11,0.33338715901792615
robustness_08,surrogate,projected,True,0.8665357211373385,0.8665357211373385,1.4505763622002041,0.2667435489888586,0.3889529574907155,0.042522845042115336,0.0,0.4263854787731761
robustness_08,direct,smooth,True,0.9233704561444384,0.9233704561444384,1.6109829981306683,0.21858442451897186,0.3488203536629539,1.7754406432889059e-10,4.489120186690343e-11,0.3065444531509179
robustness_09,surrogate,projected,True,0.8226218138462995,0.8226218138462995,1.5269168780395435,0.0,0.14984178166942067,0.09731051071504546,0.0,0.486589859137827
robustness_09,direct,smooth,True,0.6644829865754048,0.6644829865754048,0.5745383375022963,0.9000899731462487,0.9167416440673593,0.8602033982046339,4.630251737580693e-11,0.3168364625260136
robustness_10,surrogate,projected,True,0.8003226094031554,0.8003226094031552,1.4737315375505415,0.0,0.16666666666666666,0.0,0.0,0.6024701458910234
robustness_10,direct,smooth,True,0.6040343415923127,0.6040343415923127,0.36992912892783336,0.9999999996912504,0.999999999606231,0.9999999995066726,4.477568316119118e-11,0.38139554551779753
