analysis_scope,method,availability,record_count,audited_record_count,unavailable_record_count,audit_coverage_fraction,mass_conservation_tolerance,mass_conservation_violation_max,mass_conservation_violation_count,records_with_mass_violation,nonnegativity_tolerance,nonnegativity_violation_max,nonnegativity_violation_count,records_with_nonnegativity_violation,minimum_coordinate,network_inequality_violation_max,network_inequality_violation_count,mass_mixer_component_max,mass_reactor_invariant_max,mass_clarifier_component_max,mass_soluble_passthrough_max,mass_external_invariant_max,mass_physical_residual_max,nonlinear_balance_residual_max,rate_nonnegativity_violation_max,particulate_densification_violation_max,clarifier_inventory_bound_violation_max
post_selection_holdout,raw,available,1845,1845,0,1.0,1e-06,2.13898524651575,101472.0,1845.0,1e-10,1.2700447429565516,27711.0,1765.0,-3769259.302907365,1.0695998260841728,2289.0,0.8508246576159235,3.586410255311058e-12,0.8250708550466606,0.8499010764598078,2.13898524651575,956.6374515786684,,,0.7506903678922597,1.0695998260841728
post_selection_holdout,projected,available,1845,1845,0,1.0,1e-06,1.9837674398079287e-08,0.0,0.0,1e-10,2.9796716860457544e-12,0.0,0.0,-2.041716129497217e-09,9.12260795965616e-09,0.0,2.2989122362792615e-11,3.0168305339032655e-11,2.8340564839649315e-11,4.651193504373318e-13,1.9837674398079287e-08,2.0718703197530892e-08,,,9.12260795965616e-09,5.0697156172826117e-14
post_selection_holdout,mechanistic,available,1845,1845,0,1.0,1e-06,6.5802891742259525e-09,0.0,0.0,1e-10,0.0,0.0,0.0,6.6095670485620915e-09,0.0,0.0,2.6032582591278783e-15,6.988962643047219e-11,3.9444144226745156e-10,0.0,6.5802891742259525e-09,133.21046614927957,,,0.0,0.0
selected_decision_common_reference,raw,available,21,21,0,1.0,1e-06,0.9868932787237844,1155.0,21.0,1e-10,0.5891709368966996,72.0,16.0,-60.89134602146862,0.5688458494799543,4.0,0.7039495440057173,1.7903838623644945e-12,0.797592102906837,0.5272523937087197,0.9868932787237844,876.3630740101415,,,0.5688458494799543,0.0618637042696603
selected_decision_common_reference,projected,available,21,21,0,1.0,1e-06,3.673010974429997e-09,0.0,0.0,1e-10,9.73342545223416e-12,0.0,0.0,-9.995382299621268e-11,6.863358470533059e-12,0.0,1.370375491183884e-12,3.759618981445123e-12,2.166115286367296e-12,9.693345214920133e-14,3.673010974429997e-09,1.7974599586523252e-09,,,6.863358470533059e-12,4.1792883319457396e-16
selected_decision_common_reference,optimizer_native,available,21,21,0,1.0,1e-06,3.673010974429997e-09,0.0,0.0,1e-10,9.73342545223416e-12,0.0,0.0,-9.995382299621268e-11,6.863358470533059e-12,0.0,1.370375491183884e-12,3.759618981445123e-12,2.166115286367296e-12,9.693345214920133e-14,3.673010974429997e-09,3.17319447621177,,,6.863358470533059e-12,0.0
selected_decision_common_reference,exact_mechanistic_start_1,available,21,21,0,1.0,1e-06,1.304829585858529e-09,0.0,0.0,1e-10,0.0,0.0,0.0,5.57076587972724e-08,0.0,0.0,1.3877787807814457e-15,6.885240898602266e-12,1.6060295184095909e-10,0.0,1.304829585858529e-09,3.173194477019571,,,0.0,0.0
selected_decision_common_reference,exact_mechanistic_start_2,available,21,21,0,1.0,1e-06,1.484065175783302e-09,0.0,0.0,1e-10,0.0,0.0,0.0,5.5707658854698544e-08,0.0,0.0,3.4167764651053407e-15,7.673162046777413e-12,1.5752274143042903e-10,0.0,1.484065175783302e-09,3.1731944754916688,,,0.0,0.0
all_analysis,raw,available,1866,1866,0,1.0,1e-06,2.13898524651575,102627.0,1866.0,1e-10,1.2700447429565516,27783.0,1781.0,-3769259.302907365,1.0695998260841728,2293.0,0.8508246576159235,3.586410255311058e-12,0.8250708550466606,0.8499010764598078,2.13898524651575,956.6374515786684,,,0.7506903678922597,1.0695998260841728
all_analysis,projected,available,1866,1866,0,1.0,1e-06,1.9837674398079287e-08,0.0,0.0,1e-10,9.73342545223416e-12,0.0,0.0,-2.041716129497217e-09,9.12260795965616e-09,0.0,2.2989122362792615e-11,3.0168305339032655e-11,2.8340564839649315e-11,4.651193504373318e-13,1.9837674398079287e-08,2.0718703197530892e-08,,,9.12260795965616e-09,5.0697156172826117e-14
all_analysis,mechanistic,available,1845,1845,0,1.0,1e-06,6.5802891742259525e-09,0.0,0.0,1e-10,0.0,0.0,0.0,6.6095670485620915e-09,0.0,0.0,2.6032582591278783e-15,6.988962643047219e-11,3.9444144226745156e-10,0.0,6.5802891742259525e-09,133.21046614927957,,,0.0,0.0
all_analysis,smooth,not_available,0,0,0,,1e-06,,,,1e-10,,,,,,,,,,,,,,,,
all_analysis,reference,not_available,0,0,0,,1e-06,,,,1e-10,,,,,,,,,,,,,,,,
