fold,gamma,raw_nrmse,mean,std,standard_error,selected
1,1e-08,0.4326795953055811,0.6556800021956815,0.276443894287393,0.1236294679182753,False
1,1e-07,0.4326795884917632,0.6556799990826325,0.2764438960140952,0.12362946869048,False
1,1e-06,0.4326795203546555,0.6556799679529202,0.2764439132808545,0.1236294764124095,False
1,1e-05,0.4326788390906305,0.6556796567335854,0.2764440859222123,0.1236295536199718,False
1,0.0001,0.4326720371532351,0.6556765523172793,0.2764458097128498,0.1236303245225807,False
1,0.001,0.4326050856904426,0.6556462840466798,0.2764627858884498,0.1236379164991086,False
1,0.01,0.432040018571544,0.6554194063974186,0.2766069325541711,0.1237023808477652,False
1,0.1,0.4347776340333854,0.6591934328580413,0.2759893648741905,0.1234261961851365,True
1,1.0,0.6015577812144869,0.7962142226771858,0.239689854563644,0.1071925616642692,False
1,10.0,0.8831901314105292,1.038983134330565,0.1937495629403994,0.0866474386691214,False
1,100.0,0.9459734974314724,1.0950187222537449,0.1855849313952889,0.0829961044399001,False
2,1e-08,0.7944374766215697,0.6556800021956815,0.276443894287393,0.1236294679182753,False
2,1e-07,0.7944374759187154,0.6556799990826325,0.2764438960140952,0.12362946869048,False
2,1e-06,0.7944374688907313,0.6556799679529202,0.2764439132808545,0.1236294764124095,False
2,1e-05,0.7944373986669009,0.6556796567335854,0.2764440859222123,0.1236295536199718,False
2,0.0001,0.7944367020280106,0.6556765523172793,0.2764458097128498,0.1236303245225807,False
2,0.001,0.7944302942058686,0.6556462840466798,0.2764627858884498,0.1236379164991086,False
2,0.01,0.7944207225663587,0.6554194063974186,0.2766069325541711,0.1237023808477652,False
2,0.1,0.7986376127085273,0.6591934328580413,0.2759893648741905,0.1234261961851365,True
2,1.0,0.9125486615842856,0.7962142226771858,0.239689854563644,0.1071925616642692,False
2,10.0,1.127740404223098,1.038983134330565,0.1937495629403994,0.0866474386691214,False
2,100.0,1.1792168018195943,1.0950187222537449,0.1855849313952889,0.0829961044399001,False
3,1e-08,1.077874217834362,0.6556800021956815,0.276443894287393,0.1236294679182753,False
3,1e-07,1.0778742161875756,0.6556799990826325,0.2764438960140952,0.12362946869048,False
3,1e-06,1.077874199720141,0.6556799679529202,0.2764439132808545,0.1236294764124095,False
3,1e-05,1.0778740350887603,0.6556796567335854,0.2764440859222123,0.1236295536199718,False
3,0.0001,1.0778723930701162,0.6556765523172793,0.2764458097128498,0.1236303245225807,False
3,0.001,1.0778564013719223,0.6556462840466798,0.2764627858884498,0.1236379164991086,False
3,0.01,1.077738323782028,0.6554194063974186,0.2766069325541711,0.1237023808477652,False
3,0.1,1.07989259217735,0.6591934328580413,0.2759893648741905,0.1234261961851365,True
3,1.0,1.1636226761269834,0.7962142226771858,0.239689854563644,0.1071925616642692,False
3,10.0,1.3385675113885207,1.038983134330565,0.1937495629403994,0.0866474386691214,False
3,100.0,1.3823653043423043,1.0950187222537449,0.1855849313952889,0.0829961044399001,False
4,1e-08,0.4607370931884762,0.6556800021956815,0.276443894287393,0.1236294679182753,False
4,1e-07,0.4607370880446574,0.6556799990826325,0.2764438960140952,0.12362946869048,False
4,1e-06,0.4607370366074292,0.6556799679529202,0.2764439132808545,0.1236294764124095,False
4,1e-05,0.4607365223310962,0.6556796567335854,0.2764440859222123,0.1236295536199718,False
4,0.0001,0.460731389160583,0.6556765523172793,0.2764458097128498,0.1236303245225807,False
4,0.001,0.4606810145870036,0.6556462840466798,0.2764627858884498,0.1236379164991086,False
4,0.01,0.4602708613752359,0.6554194063974186,0.2766069325541711,0.1237023808477652,False
4,0.1,0.4636790323736519,0.6591934328580413,0.2759893648741905,0.1234261961851365,True
4,1.0,0.6233371488104099,0.7962142226771858,0.239689854563644,0.1071925616642692,False
4,10.0,0.8980509034080459,1.038983134330565,0.1937495629403994,0.0866474386691214,False
4,100.0,0.959871164335002,1.0950187222537449,0.1855849313952889,0.0829961044399001,False
5,1e-08,0.5126716280284187,0.6556800021956815,0.276443894287393,0.1236294679182753,False
5,1e-07,0.512671626770451,0.6556799990826325,0.2764438960140952,0.12362946869048,False
5,1e-06,0.5126716141916434,0.6556799679529202,0.2764439132808545,0.1236294764124095,False
5,1e-05,0.5126714884905391,0.6556796567335854,0.2764440859222123,0.1236295536199718,False
5,0.0001,0.5126702401744515,0.6556765523172793,0.2764458097128498,0.1236303245225807,False
5,0.001,0.5126586243781619,0.6556462840466798,0.2764627858884498,0.1236379164991086,False
5,0.01,0.5126271056919263,0.6554194063974186,0.2766069325541711,0.1237023808477652,False
5,0.1,0.5189802929972919,0.6591934328580413,0.2759893648741905,0.1234261961851365,True
5,1.0,0.6800048456497637,0.7962142226771858,0.239689854563644,0.1071925616642692,False
5,10.0,0.9473667212226324,1.038983134330565,0.1937495629403994,0.0866474386691214,False
5,100.0,1.0076668433403515,1.0950187222537449,0.1855849313952889,0.0829961044399001,False
