case,route,artifact_state,outcome,selected,selected_start,selected_feasible,selected_stationary,local_convergence_certified,first_order_stationarity_certified,starts_attempted,starts_expected,feasible_starts,stationary_starts,failed_starts,stages_attempted,iterations,active_constraint_count,elapsed_seconds,recovery_attempted,preflight_stage_wall_time_seconds,replay_status,equivalence_accepted
nominal,surrogate,complete,selected_stationary,True,0.0,True,True,True,True,1,1,1,1,0,0,0,0.0,1.2295815999996194,False,,accepted,
nominal,direct,complete,selected_stationarity_unresolved,True,0.0,True,False,False,False,1,1,1,0,0,3,66,6.0,5.062128200000188,False,,accepted,
robustness_01,surrogate,complete,selected_stationarity_unresolved,True,0.0,True,False,True,False,1,1,1,0,0,0,0,0.0,2.909401099999741,False,,accepted,
robustness_01,direct,complete,no_validated_feasible_start,False,,,,,,1,1,0,0,1,3,139,,15.694497799999226,True,,not_applicable,
robustness_02,surrogate,complete,selected_stationarity_unresolved,True,0.0,True,False,True,False,1,1,1,0,0,0,0,1.0,2.4863927000005788,False,,accepted,
robustness_02,direct,complete,selected_stationarity_unresolved,True,0.0,True,False,False,False,1,1,1,0,0,3,62,6.0,4.420260199999575,False,,accepted,
robustness_03,surrogate,complete,selected_stationarity_unresolved,True,0.0,True,False,True,False,1,1,1,0,0,0,0,3.0,3.3902536000005057,False,,accepted,
robustness_03,direct,complete,selected_stationarity_unresolved,True,0.0,True,False,False,False,1,1,1,0,0,3,105,7.0,5.192909999999756,False,,accepted,
robustness_04,surrogate,complete,selected_stationarity_unresolved,True,0.0,True,False,False,False,1,1,1,0,0,0,0,3.0,2.4097443999999086,False,,accepted,
robustness_04,direct,complete,selected_stationarity_unresolved,True,0.0,True,False,False,False,1,1,1,0,0,3,49,6.0,4.218529200000376,False,,accepted,
robustness_05,surrogate,complete,selected_stationarity_unresolved,True,0.0,True,False,True,False,1,1,1,0,0,0,0,4.0,3.429824400000143,False,,accepted,
robustness_05,direct,complete,selected_stationarity_unresolved,True,0.0,True,False,False,False,1,1,1,0,0,3,105,5.0,5.121755099999973,False,,accepted,
robustness_06,surrogate,complete,selected_stationary,True,0.0,True,True,True,True,1,1,1,1,0,0,0,0.0,1.2896461000000272,False,,accepted,
robustness_06,direct,complete,selected_stationarity_unresolved,True,0.0,True,False,False,False,1,1,1,0,0,3,46,6.0,4.15159870000025,False,,accepted,
robustness_07,surrogate,complete,selected_stationarity_unresolved,True,0.0,True,False,True,False,1,1,1,0,0,0,0,10.0,1.4354326000002402,False,,accepted,
robustness_07,direct,complete,selected_stationarity_unresolved,True,0.0,True,False,False,False,1,1,1,0,0,3,67,6.0,4.455703600000561,False,,accepted,
robustness_08,surrogate,complete,selected_stationarity_unresolved,True,0.0,True,False,True,False,1,1,1,0,0,0,0,3.0,2.616803799999616,False,,accepted,
robustness_08,direct,complete,selected_stationarity_unresolved,True,0.0,True,False,False,False,1,1,1,0,0,3,32,6.0,3.9317627999998876,False,,accepted,
robustness_09,surrogate,complete,selected_stationarity_unresolved,True,0.0,True,False,True,False,1,1,1,0,0,0,0,19.0,2.358149599999706,False,,accepted,
robustness_09,direct,complete,selected_stationarity_unresolved,True,0.0,True,False,False,False,1,1,1,0,0,3,197,5.0,6.5590204999998605,False,,accepted,
robustness_10,surrogate,complete,selected_stationarity_unresolved,True,0.0,True,True,True,True,1,1,1,0,0,0,0,5.0,3.5088973000001715,False,,accepted,
robustness_10,direct,complete,selected_stationarity_unresolved,True,0.0,True,False,False,False,1,1,1,0,0,3,167,7.0,6.056013399999756,False,,accepted,
