case,comparison_eligible,minimum_srt_is_descriptive_not_eligibility_gate,ineligibility_reasons,surrogate_candidate_available,mechanistic_candidate_available,surrogate_local_convergence_certified,mechanistic_first_order_stationarity_certified,both_local_convergence_qualified,surrogate_reference_status,mechanistic_reference_status,surrogate_branch_ambiguous,mechanistic_branch_ambiguous,J_S_reference,J_M_reference,delta_J_S_minus_M,symmetric_relative_difference,surrogate_penalty_percent_relative_to_direct,control_rms_difference,control_maximum_difference,objective_component_differences,time_metric,time_unit,surrogate_time_seconds,mechanistic_time_seconds,delta_component_quality,delta_component_hrt,delta_component_aeration,delta_component_internal_recycle,delta_component_return_sludge,delta_component_wasting,scenario_label
robustness_01,False,True,mechanistic_no_candidate,True,False,True,False,False,valid_branch_boundary,unpaired_mechanistic_no_candidate,True,,0.8400405605065863,,,,,,,,Optimization time,s,2.321588000002521,,,,,,,,S1
robustness_02,True,True,,True,True,True,False,False,valid_branch_boundary,valid_branch_boundary,True,True,0.8425846721042667,0.6372203748642806,0.205364297239986,0.205364297239986,32.228143565517016,0.3500508590651642,0.911313978812836,"[0.6100977577535827, -0.16509409300800104, -0.13757840925805964, -0.9113139788128359, -6.173545008536507e-11, -0.03678173780529048]",Optimization time,s,1.96405120000054,4.861349700000574,0.6100977577535827,-0.165094093008001,-0.1375784092580596,-0.911313978812836,-6.173545008536507e-11,-0.0367817378052904,S2
robustness_03,True,True,,True,True,True,False,False,valid_branch_boundary,valid_branch_boundary,True,True,0.7566368691992111,0.7066281265517653,0.0500087426474458,0.0500087426474458,7.077094835084,0.1866236731202005,0.4847941883264122,"[0.3976347520866199, -0.48479418832641225, -0.4071003309952751, 0.07327142945547642, -1.836092389240207e-11, 0.03333979160594008]",Optimization time,s,2.619993500000419,5.832645999998931,0.3976347520866199,-0.4847941883264122,-0.4071003309952751,0.0732714294554764,-1.836092389240207e-11,0.03333979160594,S3
robustness_04,True,True,,True,True,False,False,False,valid_branch_boundary,valid_branch_boundary,True,True,0.3506817982829899,0.3079385985485279,0.042743199734462,0.042743199734462,13.880429389473296,0.1006628978616815,0.1644021353257339,"[0.10072422917931456, -0.04338179937071614, -0.04344617836751305, 0.16292961263705347, -4.061873060123844e-11, -0.011377798118140159]",Optimization time,s,2.5446870000014314,8.901851299997361,0.1007242291793145,-0.0433817993707161,-0.043446178367513,0.1629296126370534,-4.061873060123844e-11,-0.0113777981181401,S4
robustness_05,True,True,,True,True,True,False,False,valid_branch_boundary,valid_branch_boundary,True,True,1.0100707205330537,0.7022080431401245,0.3078626773929289,0.304793190352511,43.84208930678617,0.2464698758645263,0.4076480144384762,"[0.806158641829701, -0.4076480144384762, -0.20443085524220062, 0.15428636494626413, -1.472476029995562e-10, -0.017951770953217427]",Optimization time,s,3.1109739000021364,5.615059600000677,0.806158641829701,-0.4076480144384762,-0.2044308552422006,0.1542863649462641,-1.472476029995562e-10,-0.0179517709532174,S5
robustness_06,True,True,,True,True,True,False,False,valid_branch_boundary,valid_branch_boundary,True,True,0.9013320989233088,0.8896782670846399,0.0116538318386689,0.0116538318386689,1.3098928309058355,0.1853253393989773,0.4899025242529319,"[0.32475324339581424, -0.4899025242529319, -0.40825210347126784, 0.02034420541649444, -1.903971424965789e-11, 0.06791598406164995]",Optimization time,s,1.1453437999989546,4.559461199998623,0.3247532433958142,-0.4899025242529319,-0.4082521034712678,0.0203442054164944,-1.9039714249657888e-11,0.0679159840616499,S6
robustness_07,True,True,,True,True,True,False,False,valid_branch_boundary,valid_branch_boundary,True,True,0.776472799129076,0.6681409773443481,0.1083318217847278,0.1083318217847278,16.213916741839885,0.2189977042796119,0.5792908801881408,"[0.5817705029708287, -0.5792908801881408, -0.48274240006776137, 0.011917948188830943, -2.4008850463275166e-11, 0.005855698656918706]",Optimization time,s,1.0614639000013997,4.876987999999983,0.5817705029708287,-0.5792908801881408,-0.4827424000677613,0.0119179481888309,-2.4008850463275166e-11,0.0058556986569187,S7
robustness_08,True,True,,True,True,True,False,False,valid_branch_boundary,valid_branch_boundary,True,True,0.9278681659504366,0.9233704561748832,0.0044977097755534,0.0044977097755534,0.4870969983364471,0.0242825440097038,0.0481591244698867,"[-0.025415174502390947, 0.04815912446988674, 0.040132603827761626, 0.04252284486457127, -4.489120186690343e-11, -0.003424693005403323]",Optimization time,s,2.160569800002122,4.197964399998455,-0.0254151745023909,0.0481591244698867,0.0401326038277616,0.0425228448645712,-4.489120186690343e-11,-0.0034246930054033,S8
robustness_09,True,True,,True,True,True,False,False,valid_branch_boundary,valid_branch_boundary,True,True,0.8721497944715756,0.6644829866552787,0.2076668078162968,0.2076668078162968,31.252388998189733,0.4604166414478239,0.9000899731462487,"[1.0697040881418056, -0.9000899731462487, -0.7668998623979386, -0.7628928874895884, -4.630251737580693e-11, -0.012942468525728223]",Optimization time,s,1.737516000001051,7.209431499999482,1.0697040881418056,-0.9000899731462487,-0.7668998623979386,-0.7628928874895884,-4.630251737580693e-11,-0.0129424685257282,S9
robustness_10,True,True,,True,True,True,False,False,valid_branch_boundary,valid_branch_boundary,True,True,0.7931231686071264,0.6040343415593697,0.1890888270477566,0.1890888270477566,31.304317327323904,0.5345224836104847,0.9999999996912504,"[1.1049169868379594, -0.9999999996912504, -0.8333333329395644, -0.9999999995066726, -4.477568316119118e-11, 0.06594000295899549]",Optimization time,s,0.755793199998152,6.61230599999908,1.1049169868379594,-0.9999999996912504,-0.8333333329395644,-0.9999999995066726,-4.4775683161191176e-11,0.0659400029589954,S10
