case,route,status,selected_start,available,H,a_3,a_4,a_5,r_I,r_R,w
nominal,surrogate,selected_stationary,0.0,True,6.0,1.0,1.0,1.0,0.0,0.25,0.05
nominal,direct,selected_stationarity_unresolved,0.0,True,19.534667715316512,0.9999999998386898,0.9999999998478165,0.9999999998622534,3.5423602420731135e-10,0.25000000002275247,0.04999999999596325
robustness_01,surrogate,selected_stationarity_unresolved,0.0,True,21.937446961203456,1.0,1.0,1.0,0.8037415466797918,0.25,0.049990483985178545
robustness_01,direct,no_validated_feasible_start,,False,,,,,,,
robustness_02,surrogate,selected_stationarity_unresolved,0.0,True,26.443772064613484,1.0,1.0,1.0,0.35474408216840536,0.25,0.05
robustness_02,direct,selected_stationarity_unresolved,0.0,True,31.396594854853515,0.9999999999301723,0.9999999998205373,0.9999999948076287,3.9999999974197493,0.25000000006173545,0.049999999988428245
robustness_03,surrogate,selected_stationarity_unresolved,0.0,True,6.102876003797288,1.0,0.9450490546559199,1.0,0.2930857181403374,0.25,0.04903848340619109
robustness_03,direct,selected_stationarity_unresolved,0.0,True,20.646701653589655,0.9999999998722193,0.999999999878326,0.9999999998806907,3.184317244064179e-10,0.2500000000183609,0.04999999999682311
robustness_04,surrogate,selected_stationarity_unresolved,0.0,True,6.333068174932534,1.0,1.0,0.8756013189723661,0.6517184512332143,0.25,0.04194429536131845
robustness_04,direct,selected_stationarity_unresolved,0.0,True,7.634522156054018,0.9999999996858789,0.9999999996960329,0.9999999996366604,6.850003479142063e-10,0.25000000004061873,0.04999999999227941
robustness_05,surrogate,selected_stationarity_unresolved,0.0,True,23.770559564018114,1.0,1.0,1.0,0.617145460101112,0.25,0.04589756018347058
robustness_05,direct,selected_stationarity_unresolved,0.0,True,35.9999999971724,0.9999999999572554,0.9999999994187146,0.594172530222566,3.1605553875613773e-10,0.2500000001472476,0.032882116332468486
robustness_06,surrogate,selected_stationary,0.0,True,6.0,1.0,1.0,1.0,0.0813768220412785,0.25,0.05
robustness_06,direct,selected_stationarity_unresolved,0.0,True,20.697075727587958,0.9999999998729807,0.9999999998803845,0.9999999998665354,3.753007321195741e-10,0.2500000000190397,0.049999999996722735
robustness_07,surrogate,selected_stationarity_unresolved,0.0,True,6.0,1.0,1.0,1.0,0.04767179314084975,0.25,0.05
robustness_07,direct,selected_stationarity_unresolved,0.0,True,23.378726405644223,0.9999999998531443,0.9999999998607898,0.9999999998748177,3.855259790787862e-10,0.25000000002400885,0.049999999995728184
robustness_08,surrogate,selected_stationarity_unresolved,0.0,True,14.002306469665758,1.0,1.0,1.0,0.17009138016846134,0.25,0.05
robustness_08,direct,selected_stationarity_unresolved,0.0,True,12.557532735569156,0.9999999996921054,0.9999999997154643,0.9999999997078259,7.101762573155623e-10,0.2500000000448912,0.04999999999126414
robustness_09,surrogate,selected_stationarity_unresolved,0.0,True,6.0,1.0,0.6971520700495718,1.0,0.3892420428601818,0.25,0.05
robustness_09,direct,selected_stationarity_unresolved,0.0,True,33.00269919438746,0.9999999999275208,0.9999999997338302,0.9999999996148425,3.4408135928185355,0.2500000000463025,0.04999999999161706
robustness_10,surrogate,selected_stationarity_unresolved,0.0,True,6.0,1.0,1.0,1.0,0.0,0.25,0.05
robustness_10,direct,selected_stationarity_unresolved,0.0,True,35.999999990737514,0.9999999999358812,0.9999999998914431,0.9999999997632427,3.9999999980266905,0.2500000000447757,0.04999999999215897
