case,decision_route,response_method,available,COD,TN,TP,TSS,objective
nominal,surrogate,raw,True,168.1192191528271,26.464519121981063,17.739369396631936,12.644994155223237,0.9188784768916862
nominal,surrogate,projected,True,165.51088622033274,23.442513363029384,16.138279777930585,7.3231031422863495,0.8133706812375228
nominal,surrogate,smooth,False,,,,,
nominal,surrogate,reference,True,151.26152539716267,28.74913886114906,18.206696725874856,5.655896415889993,0.8647265851481425
nominal,direct,raw,True,91.8709342164929,22.98996361830159,17.230793678613555,14.016933515872209,0.9369548007132279
nominal,direct,projected,True,80.01122349690738,20.020423538285435,14.83787288308919,7.097577164594021,0.795478955836666
nominal,direct,smooth,True,57.60124846928052,20.554016676425718,16.383397729976554,5.582079248981164,0.7861974318370228
nominal,direct,reference,True,57.601248467349336,20.554016674664968,16.383397729342555,5.582079248199277,0.7861974317939858
robustness_01,surrogate,raw,True,93.90128096041248,18.894829807625467,21.081185393352012,15.768740554631849,1.0211034301406248
robustness_01,surrogate,projected,True,82.68637018209576,14.788852554603293,17.514434192140925,7.775696359497454,0.8399604929801031
robustness_01,surrogate,smooth,False,,,,,
robustness_01,surrogate,reference,True,81.12629531091464,15.314357215678019,18.543722194241774,5.77408400687406,0.8400405605065863
robustness_01,direct,raw,False,,,,,
robustness_01,direct,projected,False,,,,,
robustness_01,direct,smooth,False,,,,,
robustness_01,direct,reference,False,,,,,
robustness_02,surrogate,raw,True,51.91560468591431,35.920157040185124,17.687196477217643,14.15787566649654,1.1008072322749771
robustness_02,surrogate,projected,True,31.720499731596227,33.24844029395806,14.235658379942072,7.447376424031372,0.935611230648034
robustness_02,surrogate,smooth,False,,,,,
robustness_02,surrogate,reference,True,28.999280723336348,25.094163563341844,14.566702931026814,5.6516797014117115,0.8425846721042667
robustness_02,direct,raw,True,11.674989266504639,33.384191981082125,16.85821725224453,12.105666013371374,1.0989363643661745
robustness_02,direct,projected,True,32.030693595726156,31.509825082698995,13.138240755798192,7.037096110570843,0.9947614165080153
robustness_02,direct,smooth,True,28.748093054556886,15.37634801981594,2.4284782469598847,5.872674974818153,0.6372203748798654
robustness_02,direct,reference,True,28.74809305506879,15.376348020482206,2.4284782462686856,5.872674974181234,0.6372203748642806
robustness_03,surrogate,raw,True,166.8667283567318,13.102986481747498,20.364337739131656,10.317672551082614,0.8257723948919009
robustness_03,surrogate,projected,True,163.57459918109828,8.586085795216563,19.365290311307355,7.087719349106367,0.7292697694315966
robustness_03,surrogate,smooth,False,,,,,
robustness_03,surrogate,reference,True,145.86483610717895,12.361358517112462,20.907018750497866,5.895138324305579,0.7566368691992111
robustness_03,direct,raw,True,80.39523415067312,10.209280775708809,19.96493722981967,12.993889808218984,0.8576541877327025
robustness_03,direct,projected,True,66.39208426244423,6.293528656779952,18.308147158183168,7.098291958551986,0.7230128971848411
robustness_03,direct,smooth,True,57.4058338200137,5.990747353673128,19.062711202280152,5.652259489293143,0.7066281264983071
robustness_03,direct,reference,True,57.40583382282013,5.990747355884026,19.062711203091666,5.65225949024898,0.7066281265517653
robustness_04,surrogate,raw,True,92.92977854165439,5.131157963743595,5.154941871668801,5.895886458428821,0.3540576023700468
robustness_04,surrogate,projected,True,97.67384411791215,2.6740359946627255,2.0837524910415297,5.533981803243174,0.2771015630926173
robustness_04,surrogate,smooth,False,,,,,
robustness_04,surrogate,reference,True,83.25505661499528,7.465193510017161,4.677540195738471,5.630163590411118,0.35068179828298995
robustness_04,direct,raw,True,70.98157752859014,2.73374570156656,4.8734259070074355,13.38796823687044,0.37170836257628687
robustness_04,direct,projected,True,66.31755550480173,2.1712177891301296,1.023022217764111,6.6942222308987,0.23383434193646865
robustness_04,direct,smooth,True,63.45613153920718,5.610801375317753,4.246551637040007,5.374889603290313,0.30793859851193983
robustness_04,direct,reference,True,63.456131542894205,5.610801376777736,4.246551637410582,5.3748896040438785,0.3079385985485279
robustness_05,surrogate,raw,True,99.7531933923207,32.36602469527735,22.640662227352315,11.839011134715484,1.160043412459622
robustness_05,surrogate,projected,True,92.25305134402808,31.447644033915008,20.799401029518766,6.369880426651482,1.0662846366911818
robustness_05,surrogate,smooth,False,,,,,
robustness_05,surrogate,reference,True,91.51728009188179,24.228023114673704,21.88657198764289,5.657474140865993,1.0100707205330535
robustness_05,direct,raw,True,54.76218992137421,32.75787200611551,22.779051202192544,8.154704379348075,1.1769847210147288
robustness_05,direct,projected,True,91.35970871453544,31.07279401358129,21.53583676030966,6.262064964418569,1.1673543488520308
robustness_05,direct,smooth,True,91.27954038295758,6.842459970735499,8.049158117814823,6.595755146466489,0.7022080431154232
robustness_05,direct,reference,True,91.27954038582521,6.842459966434616,8.049158119979408,6.595755148371598,0.7022080431401245
robustness_06,surrogate,raw,True,151.51517768435068,33.70504875788901,19.24651677593113,10.451342529683608,0.9817914380467809
robustness_06,surrogate,projected,True,151.10374345903742,30.605799418768324,18.363036288512703,7.903350330935592,0.9132997237023774
robustness_06,surrogate,smooth,False,,,,,
robustness_06,surrogate,reference,True,99.2080874204997,34.643524308812886,19.833537388980346,6.409467908839018,0.9013320989233089
robustness_06,direct,raw,True,72.25280647606758,30.421938174173885,18.863120519534895,8.982285199750578,0.9905287875093537
robustness_06,direct,projected,True,66.16688951669698,27.888481405871595,17.069256228275545,7.241797030233873,0.9104527536907254
robustness_06,direct,smooth,True,48.621627276094294,27.50871253150533,18.021201566726184,5.996997860752086,0.8896782670351742
robustness_06,direct,reference,True,48.621627277613854,27.508712534238438,18.02120156723453,5.9969978615776345,0.8896782670846399
robustness_07,surrogate,raw,True,219.34853039237805,16.032031603933184,15.616661755035377,10.04487014491519,0.819674254892981
robustness_07,surrogate,projected,True,222.54194085056093,14.210174391812805,14.328858182692281,6.5238254662716,0.7514317482933247
robustness_07,surrogate,smooth,False,,,,,
robustness_07,surrogate,reference,True,211.7605751832913,17.47064605315892,15.39749592405943,5.492666013950183,0.776472799129076
robustness_07,direct,raw,True,115.28768135680122,11.518250896944501,15.054529717680941,13.983675342551237,0.8519476204273749
robustness_07,direct,projected,True,103.26854622021497,8.253722430260927,13.248399492626387,6.605653693853025,0.7149440583864732
robustness_07,direct,smooth,True,75.15848418515716,6.809869814646412,13.775890382032019,5.45759330392945,0.6681409772912887
robustness_07,direct,reference,True,75.15848418777209,6.809869817271332,13.775890382524427,5.457593304979185,0.6681409773443481
robustness_08,surrogate,raw,True,52.1359651543664,26.482122660516513,24.474915369620675,14.600021411691635,0.9970980958984398
robustness_08,surrogate,projected,True,39.40751146733591,24.00097119391518,22.77782410212365,6.825715901767673,0.8665357211373385
robustness_08,surrogate,smooth,False,,,,,
robustness_08,surrogate,reference,True,37.38513241826475,27.407013759786945,25.53273731065064,5.276269829966926,0.9278681659504366
robustness_08,direct,raw,True,60.76127386017882,27.12255677016262,24.563667381576177,14.302668923345973,0.9953904990063684
robustness_08,direct,projected,True,49.310156848237895,24.74862519577372,23.010304221017023,6.7987780326083325,0.8719923894447578
robustness_08,direct,smooth,True,38.13994102827787,28.52281128722019,25.589849201278007,5.2967974217643095,0.9233704561444384
robustness_08,direct,reference,True,38.13994103000223,28.522811288559193,25.589849201599804,5.296797422410214,0.9233704561748832
robustness_09,surrogate,raw,True,202.81579627155168,32.910948846226276,13.90727370411045,13.700340868938564,0.9634574489923758
robustness_09,surrogate,projected,True,193.80171299209277,29.704783165726127,11.550648217242868,6.823166107343278,0.8226218138462995
robustness_09,surrogate,smooth,False,,,,,
robustness_09,surrogate,reference,True,203.23577641353407,32.69583921781844,13.261909680022226,5.28091101199656,0.8721497944715756
robustness_09,direct,raw,True,-15.878283387694992,24.06536564906987,11.74170040289866,23.377046061156022,0.986073253311798
robustness_09,direct,projected,True,23.59504459082013,19.98843034579838,8.181654013444073,8.255448351942354,0.8104612983579225
robustness_09,direct,smooth,True,19.083519460576603,5.0213420107761575,10.143635617000179,5.35846376592349,0.6644829865754048
robustness_09,direct,reference,True,19.08351945981873,5.021342011132893,10.143635621770319,5.358463765529376,0.6644829866552787
robustness_10,surrogate,raw,True,236.58920336224858,27.51327003569122,13.278447862064178,14.9745269869773,0.9513107997051816
robustness_10,surrogate,projected,True,232.22559316232312,22.60547148521425,10.833448971338088,8.054930361258839,0.8003226094031552
robustness_10,surrogate,smooth,False,,,,,
robustness_10,surrogate,reference,True,167.78199585774183,28.090902817848598,12.961080914148548,6.143148999246943,0.7931231686071264
robustness_10,direct,raw,True,55.36206537855794,20.488409018509856,11.914654754311492,25.668174953647984,1.0876123662212944
robustness_10,direct,projected,True,70.62281761943359,15.782465500317782,8.362032076214048,9.085632451522752,0.870853072776023
robustness_10,direct,smooth,True,64.90917446486098,3.6506404929573266,1.8559193386245594,5.745427739748443,0.6040343415923127
robustness_10,direct,reference,True,64.90917446498482,3.6506404933182166,1.8559193373278322,5.745427738898125,0.6040343415593697
