model,root_error,absolute_error,mean_r2,relative_error,COD,TN,TP,TSS,final_root_error,curve_area,mean_rank,gap,negative_percent
MLP,4.38,2.55,0.9915,0.0123,6.48,1.58,0.0361,5.66,4.62,6.75,2.5,0.65,58.2
LightGBM,5.3,3.21,0.9806,0.0203,7.59,2.77,0.0361,6.85,5.27,6.35,2.2,1.99,46.0
SVR,5.97,3.49,0.9713,0.0244,8.87,3.5,0.0361,7.2,5.84,6.9,4.0,1.19,68.65
ICSOR,5.98,3.7,0.97,0.0256,7.77,3.55,0.0361,8.36,5.94,6.33,4.3,0.22,0.0
XGBoost,6.12,3.81,0.9733,0.0244,8.78,3.27,0.0361,7.88,6.1,7.01,4.3,1.44,64.95
CatBoost,6.45,4.07,0.9727,0.025,9.13,3.23,0.0361,8.53,6.26,7.6,5.0,0.69,70.1
AdaBoost,21.27,13.15,0.8643,0.0653,38.3,5.58,0.0361,17.68,21.42,20.29,8.2,0.23,0.0
k-NN,23.61,13.87,0.8535,0.0557,38.24,4.23,0.0361,27.37,23.76,25.77,7.0,23.66,0.0
PLS,28.24,17.05,0.7808,0.0681,43.22,5.09,0.0361,36.0,27.96,30.17,9.4,0.38,48.7
Random Forest,29.0,16.93,0.7934,0.0632,45.87,4.0,0.0361,35.26,28.78,30.31,8.2,18.71,0.0
